-- phpMyAdmin SQL Dump
-- version 4.8.3
-- https://www.phpmyadmin.net/
--
-- Servidor: 127.0.0.1
-- Tiempo de generación: 27-02-2019 a las 18:53:27
-- Versión del servidor: 10.1.35-MariaDB
-- Versión de PHP: 7.2.9

SET SQL_MODE = "NO_AUTO_VALUE_ON_ZERO";
SET AUTOCOMMIT = 0;
START TRANSACTION;
SET time_zone = "+00:00";


/*!40101 SET @OLD_CHARACTER_SET_CLIENT=@@CHARACTER_SET_CLIENT */;
/*!40101 SET @OLD_CHARACTER_SET_RESULTS=@@CHARACTER_SET_RESULTS */;
/*!40101 SET @OLD_COLLATION_CONNECTION=@@COLLATION_CONNECTION */;
/*!40101 SET NAMES utf8mb4 */;

--
-- Base de datos: `aaronh`
--
CREATE DATABASE IF NOT EXISTS `aaronh` DEFAULT CHARACTER SET utf8mb4 COLLATE utf8mb4_spanish_ci;
USE `aaronh`;

-- --------------------------------------------------------

--
-- Estructura de tabla para la tabla `categorias`
--

DROP TABLE IF EXISTS `categorias`;
CREATE TABLE `categorias` (
  `id` int(11) NOT NULL,
  `nombre` varchar(100) COLLATE utf8mb4_spanish_ci NOT NULL
) ENGINE=InnoDB DEFAULT CHARSET=utf8mb4 COLLATE=utf8mb4_spanish_ci;

--
-- Volcado de datos para la tabla `categorias`
--

INSERT INTO `categorias` (`id`, `nombre`) VALUES
(2, 'Política'),
(1, 'Tecnología'),
(3, 'Videojuegos');

-- --------------------------------------------------------

--
-- Estructura de tabla para la tabla `comentarios`
--

DROP TABLE IF EXISTS `comentarios`;
CREATE TABLE `comentarios` (
  `id` int(11) NOT NULL,
  `noticia` int(11) NOT NULL,
  `nombre` varchar(100) COLLATE utf8mb4_spanish_ci NOT NULL,
  `comentario` text COLLATE utf8mb4_spanish_ci NOT NULL,
  `fecha` datetime NOT NULL
) ENGINE=InnoDB DEFAULT CHARSET=utf8mb4 COLLATE=utf8mb4_spanish_ci;

--
-- Volcado de datos para la tabla `comentarios`
--

INSERT INTO `comentarios` (`id`, `noticia`, `nombre`, `comentario`, `fecha`) VALUES
(1, 10, 'Capitalista 89', 'Pablo Casado: \"Lo primero que vamos a hacer al llegar el Gobierno será bajar los impuestos\" - le copia el repertorio humorístico a Rajoy, que dijo exactamente lo mismo para luego subir el IVA y el IRPF', CONCAT(CURRENT_DATE, ' 09:55:56')),
(2, 4, 'C', 'sdsadsadasd', CONCAT(CURRENT_DATE - INTERVAL 1 DAY, ' 09:35:47'));

-- --------------------------------------------------------

--
-- Estructura de tabla para la tabla `editores`
--

DROP TABLE IF EXISTS `editores`;
CREATE TABLE `editores` (
  `id` int(11) NOT NULL,
  `username` varchar(50) COLLATE utf8mb4_spanish_ci NOT NULL,
  `password` varchar(255) COLLATE utf8mb4_spanish_ci NOT NULL,
  `email` varchar(80) COLLATE utf8mb4_spanish_ci NOT NULL,
  `nombre` varchar(30) COLLATE utf8mb4_spanish_ci NOT NULL,
  `apellidos` varchar(50) COLLATE utf8mb4_spanish_ci NOT NULL,
  `imagen_p` varchar(255) COLLATE utf8mb4_spanish_ci NOT NULL DEFAULT 'editores\\m-icon.png',
  `administrador` tinyint(1) NOT NULL DEFAULT '0'
) ENGINE=InnoDB DEFAULT CHARSET=utf8mb4 COLLATE=utf8mb4_spanish_ci;

--
-- Volcado de datos para la tabla `editores`
--

INSERT INTO `editores` (`id`, `username`, `password`, `email`, `nombre`, `apellidos`, `imagen_p`, `administrador`) VALUES
(1, 'test', '$argon2i$v=19$m=1024,t=2,p=2$TFlZbnMzc2VyUnVVcDFvVQ$F/XUnvveNILmr3Vo55syuNhpu0lc2jfPXD7YbGhrd3U', '12345@test.com', 'Perdiguero', 'Rodolfo Castaño', 'editores/m-icon.png', 1),
(2, 'dani', '$argon2i$v=19$m=1024,t=2,p=2$S0ZTWC5WeUxPUDdwS0VvOA$t+LAyQYs1HLSpGWo7DjPYmhbhI++9BAw8ak3PNh1rgc', '12345@dsad', 'Dani', 'Barriguita', 'editores\\m-icon.png', 0),
(3, 'admin', '$argon2i$v=19$m=1024,t=2,p=2$RUw5U1pObXJSUDdVamliRw$a56Gnhn6x3JO3SQ4mGG1kZZB7KWSZJ7e8EJdk1UIuJQ', '1234@email', '1234', '1234 Dasd Asd As Das', 'editores\\m-icon.png', 1),
(4, 'aaron', '$argon2i$v=19$m=1024,t=2,p=2$NE5lcU9ta1hPZkVIVmdrUQ$QFS9HPa6WqKTiE+qCjB9zf7CQvAfObo6F/CMsbprVH0', 'aaron@email.com', 'Aarón', 'Hernández Pérez', 'editores\\m-icon.png', 1);

-- --------------------------------------------------------

--
-- Estructura de tabla para la tabla `noticias`
--

DROP TABLE IF EXISTS `noticias`;
CREATE TABLE `noticias` (
  `id` int(11) NOT NULL,
  `autor` int(11) NOT NULL,
  `categoria` int(11) NOT NULL,
  `titulo` varchar(150) COLLATE utf8mb4_spanish_ci NOT NULL,
  `cabecera` varchar(500) COLLATE utf8mb4_spanish_ci NOT NULL,
  `cuerpo` text COLLATE utf8mb4_spanish_ci NOT NULL,
  `fecha` datetime NOT NULL
) ENGINE=InnoDB DEFAULT CHARSET=utf8mb4 COLLATE=utf8mb4_spanish_ci;

--
-- Volcado de datos para la tabla `noticias`
--

INSERT INTO `noticias` (`id`, `autor`, `categoria`, `titulo`, `cabecera`, `cuerpo`, `fecha`) VALUES
(2, 1, 3, 'Un estudio de la Universidad de Oxford descarta que haya relación entre la violencia adolescente y los videojuegos', 'Es un clásico de las controversias y una media verdad para muchos. Los videojuegos generan violencia. O no. Desde hace años, la cuestión ocupa a los expertos y, a veces, a los gobiernos (ahí está el empeño de Donald Trump en EE UU).', '<p><span style=\"color: rgb(0, 0, 0);\">Así, en el repaso a los titulares de los últimos 10 años, uno puede leer desde que \"Los videojuegos violentos y las agresiones activan la misma parte del cerebro\" a que \"Los jugadores de videojuegos violentos no confunden ficción con realidad\", pasando porque \"Los juegos violentos relajan a los jugadores\". Lo último al respecto es un estudio de las universidades de Oxford y Cardiff que descarta que haya relación alguna entre la violencia adolescente y los videojuegos. Los autores, que consideran que los efectos negativos del videojuego se han exagerado, consideran que los adolescentes que juegan videojuegos violentos no son más propensos a un comportamiento agresivo en el mundo real. Publicado en la revista Royal Society Open Science, ha sido uno de los estudios más completos hasta la fecha, con una muestra de 1.000 chavales británicos, de 14 y 15 años. Se les preguntó sobre sus hábitos de ocio y resultó que casi la mitad de las niñas y dos tercios de los niños jugaban videojuegos. También entrevistaron a sus padres para saber si pensaban que su hijo se había vuelto más antisocial desde que disfrutaba de los videojuegos. Y no, no se encontró evidencia de que los que más jugaban fueran más agresivos una vez que apagaban la consola. Algo de rabia al jugar, pero nada preocupante \"La idea de que los videojuegos violentos provocan agresividad en el mundo real es muy popular, pero no se ha probado\", dice el investigador principal, el profesor Andrew Przybylski, director de investigación del Oxford Internet Institute. Y añade: \"Pese al interés en el tema por parte de los padres y de los responsables políticos, la investigación no ha demostrado que haya motivo de preocupación\". ¿Qué es lo que sí hallaron los investigadores? Przybylski cuenta que observaron que los videojuegos podían provocar arrebatos de ira y rabia mientras los chavales jugaban en línea. \"Vimos algunas cosas, como que hablarán mal, una competitividad extrema o algún troleo en los grupos de jugadores que podríamos calificar como comportamiento antisocial\", explica. Los autores de este estudio critican que las investigaciones anteriores se han basado demasiado en la información aportada por los propios adolescentes sobre los títulos que jugaban y su comportamiento. Ellos han considerado también a los padres y los sistemas de calificación de la violencia de los juegos (en su caso en Reino Unido y EE UU). De ese modo, aseguran, han podido minimizar el riesgo de seleccionar datos que pudieran dar un resultado más emocionante pero menos cierto. En palabas de la coautora, Netta Weinstein, de la Universidad de Cardiff, \"el sesgo de los investigadores podrían haber influido en los estudios previos sobre este tema y, de ese modo, haber distorsionado nuestra comprensión de los efectos de los videojuegos\".</span></p>', CONCAT(CURRENT_DATE, ' 14:11:06')),
(3, 2, 2, 'Trump declara la emergencia nacional ante la \"invasión de drogas y gente que sufre Estados Unidos\"', 'El presidente de Estados Unidos, \"Donald Trump\", ha declarado este viernes el estado de emergencia nacional en la frontera con México para costear la finalización del muro de separación entre ambos países tras considerar insuficiente la partida de 1.500 millones de dólares aprobada finalmente por el Congreso de Estados Unidos.', '<p><span style=\"color: rgb(0, 0, 0);\">El presidente de Estados Unidos, Donald Trump, ha declarado este viernes el estado de emergencia nacional en la frontera con México para costear la finalización del muro de separación entre ambos países tras considerar insuficiente la partida de 1.500 millones de dólares aprobada finalmente por el Congreso de Estados Unidos. \"Voy a firmar una declaración de emergencia, como han hecho otros presidentes antes que yo por cosas menos importantes. Es algo muy importante\", ha declarado Trump. Trump ha argumentado que su decisión ha sido motivada por \"esta invasión que está viviendo Estados Unidos, por criminales, por traficantes de drogas\", en una comparecencia ante los medios en la Casa Blanca, acompañado de las llamadas \"Madres de los Ángeles\", madres de fallecidos a manos de inmigrantes ilegales. \"Nos van a denunciar\" \"Es una invasión de drogas, una invasión de bandas criminales, una invasión de gente, y es inaceptable\", ha añadido, antes de reconocer que se expone a una batería de denuncias de propietarios y negocios en el caso de que el muro afecte a tierras privadas y contratos entre particulares y el Ejército de Estados Unidos si llega a colaborar en la finalización del muro. \"Voy a firmar en cuanto llegue al Despacho Oval, y nos van a denunciar, y va a llegar al Tribunal Supremo, y nos van a denunciar otra vez, y luego nos van a denunciar\", ha pronosticado Trump, \"y lo van a intentar vender como una derrota. Lo de siempre\". \"Yo espero que me van a demandar. No debería ocurrir, pero va a ocurrir. Sin frontera no hay país que valga\", ha añadido Trump. Trump ha explicado que sacará el dinero de \"fondos a discreción del Ejército todavía no destinados\". \"No me quiero meter en detalles\", ha añadido el mandatario, quien reconoció que \"varios generales\" le explicaron para qué iban destinados originalmente esos fondos. \"No puedo decir para qué, pero no me parecía demasiado importante\", ha añadido. Sobre el fracaso de su negociación con el Congreso, Trump ha defendido que los 1.500 millones de dólares han sido, al final, una victoria. \"Recordad que no me iban a dar ni un dólar. Eran unos tacaños con el muro. Podría haberlo hecho por los cauces normales, pero aquí había que ir rápido\", ha añadido el presidente, quien tendrá a su disposición aproximadamente unos 8.000 millones de dólares para completar el proyecto: 3.600 millones del Pentágono, otros 3.100 procedentes de fondos desbloqueados gracias a estas competencias extraordinarias, y los 1.375 millones del Congreso.</span></p>', CONCAT(CURRENT_DATE - INTERVAL 1 DAY, ' 19:21:27')),
(4, 2, 2, 'El Parlamento Europeo veta el acto con Puigdemont del lunes', 'El Parlamento Europeo anunció este viernes que no autorizará la celebración de un evento el próximo lunes en el que iba a participar el expresidente de la Generalitat de Cataluña Carles Puigdemont por seguridad.', '<p><span style=\"color: rgb(0, 0, 0);\">El Parlamento Europeo anunció este viernes que no autorizará la celebración de un evento el próximo lunes en el que iba a participar el expresidente de la Generalitat de Cataluña Carles Puigdemont por seguridad. \"El análisis ha concluido que las amenazas de seguridad vinculadas al evento no pueden ser mitigadas por los servicios de seguridad del Parlamento\", dijo la institución en un comunicado en el que advirtió sobre la \"posibilidad de incidentes dentro o alrededor\" de la Eurocámara. Puigdemont había sido invitado, junto al actual presidente de la Generalitat, Quim Torra, por el eurodiputado nacionalista flamenco Ralph Packet y el exministro de Exteriores esloveno Ivo Vajgl a la ponencia Catalunya y el juicio sobre el referéndum: Un reto para la Unión Europea en la Eurocámara. Según el comunicado, la dirección de Seguridad de la Eurocámara revisó en su evaluación elementos como la ocupación por parte de activistas independentistas de la sede de la Comisión Europea en Barcelona el pasado 1 de febrero y las \"tensiones\" vinculadas al inicio del juicio por el procés en el Tribunal Supremo. Además, tuvieron en cuenta la \"falta de información\" respecto a los participantes en el evento y, \"especialmente\", la \"posibilidad de incidentes\" dentro o en los alrededores del Parlamento Europeo. \"Según la evaluación, hay un alto riesgo de que el evento propuesto pueda significar una amenaza al mantenimiento del orden público en las instalaciones del Parlamento\", concluyó la institución. Los líderes en la Eurocámara de PP, PSOE y Ciudadanos pidieron este jueves a Tajani que impidiera la celebración del acto, alegando que Puigdemont, en la actualidad huido en Bélgica, \"fue el principal artífice de un plan para subvertir el orden constitucional\" en España. \"Permitir la presencia del señor Puigdemont no se corresponde con el noble papel que desempeña el Parlamento Europeo como referente de la democracia y el Estado de derecho que prevalecen en la Unión Europea\", indicaba la carta.</span></p>', CONCAT(CURRENT_DATE - INTERVAL 2 DAY, ' 13:29:40')),
(5, 2, 1, 'Así es el Ferrari SF90, el candidato a romper el dominio de Mercedes', 'Con una presentación más parecida a una entrega de premios, y media hora después de ser filtrado, Ferrari mostró al mundo de manera oficial el que es el 65º monoplaza en la historia de Scuderia, el SF90.', '<p><span style=\"color: rgb(0, 0, 0);\">Con una presentación más parecida a una entrega de premios, y media hora después de ser filtrado, Ferrari mostró al mundo de manera oficial el que es el 65º monoplaza en la historia de Scuderia, el </span><strong style=\"color: rgb(0, 0, 0);\">SF90</strong><span style=\"color: rgb(0, 0, 0);\">. El </span><u style=\"color: rgb(0, 0, 0);\">monoplaza</u><span style=\"color: rgb(0, 0, 0);\">, que parece más anaranjado en directo que en las fotos renderizadas que han facilitado a los medios, ha nacido con el único objetivo de acabar con el reinado de Mercedes en la actual era de la Fórmula 1. Después del buen arranque en 2018 que se diluyó muy pronto, Sebastian Vettel y Charles Leclerc, que además de compañeros serán los principales rivales, han prometido presentar batalla para intentar bajar del trono a Lewis Hamilton. La evolución del SF90 con respecto a su predecesor ha sido notable. Además del necesario cambio del alerón delantero y el trasero (más anchos y largos) debido a la normativa, han retocado notablemente la arquitectura del chasis, como una entrada distinta de los pontones laterales, la reducción a su mínima expresión de la toma de aire superior o una zona trasera mucho más compacta. También la tapa motor ha sido adelgazada notablemente, lo que augura una unidad de potencia más pequeña con respecto al SF71H de 2018. En cuanto al motor en sí, desde Ferrari aseguran que han avanzado con la unidad 064 con un desarrollo extra en busca de una mayor eficiencia sin dejar de lado la fiabilidad. En su aspecto exterior, el \'Mission Winnow\' de su polémico patrocinador gana protagonismo. Con este coche y las imágenes del Alfa Romeo (antiguo Sauber) en su rodaje en pista del jueves, todos los coches de la temporada 2019 han visto la luz.</span></p><p><img src=\"https://cdn.20m.es/img2/recortes/2019/02/14/886019-600-338.jpg?v=20190214133710\" width=\"600\" height=\"338\" alt=\"McLaren MCL34\"></p>', CONCAT(CURRENT_DATE - INTERVAL 3 DAY, ' 10:23:19')),
(6, 1, 1, 'Una planta solar espacial, la idea que baraja China como alternativa a las estaciones fotovoltaicas terrestres', 'La solar es una fuente de energía que cada vez es más habitual y económica, y no es de extrañar que se busquen soluciones para que aún cunda más aprovecharla. Pero lo que parece que se plantean en China es algo estratosférico casi literalmente, ya que se habla de una estación solar en el espacio.', '<h2>Acercándonos algo más a la fuente de energía</h2><p>Como decíamos antes, la energía solar ha subido numerosos eslabones en lo que respecta a las principales maneras de obtención de energía, y de hecho&nbsp;<a href=\"https://www.xataka.com/energia/esta-caja-roja-es-toda-la-superficie-que-necesitamos-para-producir-con-paneles-solares-toda-la-energia-que-necesita-el-mundo\" target=\"_blank\" style=\"color: rgb(42, 111, 2);\">hablando de superficie es una de las que más cunde</a>. Pero eso no quita que, aunque metros cuadrados y Sol nos puedan sobrar en apariencia aquí en la Tierra para instalar paneles, se estudien otras maneras de aprovechar la energía que proporciona nuestra particular esfera incandescente.</p><p class=\"ql-align-center\"><a href=\"https://www.xataka.com/energia/los-11-graficos-que-demuestran-que-lo-de-la-energia-solar-es-imparable\" target=\"_blank\" style=\"color: rgb(42, 111, 2);\"><img src=\"https://i.blogs.es/ed0e90/pv/375_142.png\"></a></p><p><br></p><p><a href=\"https://www.xataka.com/energia/los-11-graficos-que-demuestran-que-lo-de-la-energia-solar-es-imparable\" target=\"_blank\" style=\"color: rgb(51, 51, 51);\"><strong>Los 11 gráficos que demuestran que lo de la energía solar es imparable</strong></a></p><p>Y lo que se ha sabido ahora es que en China al parecer están planeando lanzar una estación solar espacial, según afirman en el&nbsp;<a href=\"https://www.smh.com.au/world/asia/plans-for-first-chinese-solar-power-station-in-space-revealed-20190214-p50xtg.html\" target=\"_blank\" style=\"color: rgb(42, 111, 2);\">Sidney Morning Herald</a>. Una plataforma que&nbsp;captaría la energía para enviarla a la Tierra, de modo que podría capturarse independientemente de las condiciones climáticas en nuestro planeta y esquivando el parón que supone el periodo nocturno.</p><p>No es una idea estrictamente nueva, ya que el Departamento de Energía de Estados Unidos&nbsp;<a href=\"https://www.energy.gov/articles/space-based-solar-power\" target=\"_blank\" style=\"color: rgb(42, 111, 2);\">ya lo planteó</a>&nbsp;hace unos años, pero en este caso se trata de un proyecto de la Academia de Tecnología Espacial de China. Aunque aún hay que atar cabos importantes, de hecho uno de los principales problemas a resolver es cómo se obtendría la energía capturada en el espacio en la Tierra, lo cual se haría recurriendo a&nbsp;microondas o láserconsiderando lo que se está trabajando actualmente.</p><p class=\"ql-align-center\"><img src=\"https://i.blogs.es/e198c4/energia-solar-esquema/450_1000.jpg\" alt=\"Energia Solar Esquema\"></p><p class=\"ql-align-center\"><br></p><h2>Las primeras pruebas en seis años (si todo sale bien)</h2><p>La idea es además que, una vez encontrada la manera de transmitir la energía de manera eficiente y certera, que pueda ser además algo así como una estación de servicio espacial, pudiendo suministrar energía a vehículos espaciales. Una idea que de hecho ya vimos planteada con&nbsp;<a href=\"https://www.xataka.com/espacio/estacion-servicio-espacial-idea-para-futuro-cuyo-primer-experimento-sale-manana-iss\" target=\"_blank\" style=\"color: rgb(42, 111, 2);\">Orbit Fab.</a>, realizándose ya las primeras pruebas.</p><p>El plazo que barajan tampoco es que sea demasiado largo, con la idea de lanzar una instalación de prueba&nbsp;en 2025, con planes de lanzar otra mayor en 2050. Veremos si el plazo se cumple y si tal y como parecen plantear la energía obtenida en el espacio puede usarse como la que se obtiene en las estaciones terrestres, aunque según veíamos en el estudio estadounidense sería bastante más caro y las condiciones climáticas supondrían un problema igualmente para la transmisión por láser.</p>', CONCAT(CURRENT_DATE - INTERVAL 4 DAY, ' 15:33:09')),
(7, 1, 3, '¿Cuál es el mejor videojuego de la historia?', '¿Qué hace que un juego sea un auténtico clásico? Como sucede con los vinos, no es una simple cuestión de vintage. Su importancia definiendo un género o época tecnológica, el factor nostálgico, su copia o reinvención posterior por otros títulos... Son muchos los factores a tener en cuenta.', '<p>Como decíamos, dar con el mejor videojuego de la historia no es fácil. En gran medida, porque ni siquiera hay consenso sobre cuándo se desarrolló el primer videojuego digno de ese título.&nbsp;<a href=\"https://es.wikipedia.org/wiki/Bertie_the_Brain\" target=\"_blank\" style=\"color: rgb(177, 23, 48);\">Bertie the Brain</a>, un tres en raya creado para demostrar el potencial de los tubos de vacío miniaturizados en la Exposición Nacional Canadiense de 1950 es posiblemente uno de los ejemplos más primitivos y rudimentarios, aunque el primer ejemplo interactivo y comparable a los videojuegos actuales fue&nbsp;Tennis for Two, que simulaba raquetazos virtuales en un osciloscopio.</p><p>Dicho todo esto... ¿te suenan realmente de algo? ¿Verdad que no?&nbsp;Pues esta es básicamente la diferencia entre llegar el primero y causar un auténtico impacto.&nbsp;Su limitado alcance (meras demostraciones tecnológicas, a la postre) pavimentaron en cualquier caso la aparición de auténticos clásicos inmortales como Pong (1972) y Missile Command (1980), que popularizarían una nueva forma de ocio en los salones recreativos y después a través de las consolas y ordenadores domésticos.</p><p class=\"ql-align-center\"><img src=\"https://i.blogs.es/8ffe9d/donkey_kong_gameplay/450_1000.jpg\" alt=\"Donkey Kong Gameplay\"></p><p>Tras ellos llegarían Tempest, Galaga, Donkey Kong... y así una letanía de leyendas. Pero grandes como fueron y recordados como siguen siendo... ¿consideraría alguien cualquiera de estos juegos concebidos en los años 70 y 80 como uno de los mejores de todos los tiempos? Es sin duda una pregunta complicada. Aunque icónicos, no cabe duda de que sus mecánicas eran extraordinariamente simples, y si los desempolvamos cuatro décadas después&nbsp;comprobaremos que siguen siendo muy divertidos, pero no enganchan al público como antaño.</p><h2>Los mil veces imitados: sentando las bases de sus géneros</h2><p>Posiblemente tendríamos que esperar al refinamiento de los 8 bits y la aparición de las primeras máquinas de 16 bits para&nbsp;encontrar juegos con una esencia más actual.&nbsp;Estamos hablando ya de cosas serias. Un señor que se hacía llamar Lord British arrasaba con Ultima V, mientras que Battle Chess despertaba cierta polémica por su violenta interpretación del civilizado ajedrez (ay, los que piensan que esto de los juegos&nbsp;<em>edgy</em>&nbsp;es algo nuevo) y el avanzadísimo Falcon de Spectrum Holobyte sentaba las bases de los simuladores de vuelo.</p><iframe class=\"ql-video\" frameborder=\"0\" allowfullscreen=\"true\" src=\"https://www.youtube.com/embed/o6HYbQCRwgk?enablejsapi=1&amp;origin=https://www.xataka.com\" height=\"563\" width=\"1000\"></iframe><p><br></p><p>La potencia de ordenadores como el Atari ST, el Spectrum y posteriormente el longevo Amiga permitió dar forma a mundos complejos con cientos de líneas de diálogo, música relativamente compleja y gráficos hoy en día lentos y poco detallados, pero muy bien aprovechados gracias al talento técnico y visual de los programadores. ¿Pero acaso son los mejores juegos de todos los tiempos? No habrá mucha gente que esté de acuerdo.&nbsp;Y sin embargo, tuvieron incontables imitadores.</p><p>Mientras tanto, los ordenadores x86 tomaban carrerilla. Aún no eran una plataforma de juego consolidada, pero ya aceleraban gracias a firmas como&nbsp;MSI, que hizo historia en el mismo momento de su creación con el lanzamiento en 1986 de la primera placa base para 286&nbsp;<em>overclockeable</em>. Y aunque todavía faltaba para llegar a la gloria del 486DX2, ya era bastante para mover Comander Keen con total fluidez, marcando el inicio de los juegos de plataformas para PC.</p><p>Lo más interesante de esta generación es que por fin los videojuegos comenzaban a moverse en una nueva dirección. Ya no era una simple cuestión de desplazarse del punto A al B. Había mecánicas complejas, un entorno atmosférico (todo lo que permitía la técnica de la época) y un auténtico énfasis narrativo. Todo ello con una capacidad de procesamiento minúscula en comparación con el móvil que tenemos en nuestro bolsillo,&nbsp;no hablemos ya de propuestas modernas como la torre gaming&nbsp;<a href=\"https://es.msi.com/Desktops/#?tag=Aegis-Series\" target=\"_blank\" style=\"color: rgb(177, 23, 48);\">MSI Aegis</a>.</p><p class=\"ql-align-center\"><img src=\"https://i.blogs.es/a8fc76/dune-2/450_1000.jpg\" alt=\"Dune 2\"></p><p>Esta confluencia de factores, unida a las crecientes capacidades del hardware de la época, comenzaron a gestar algo muy grande durante los años posteriores. En el PC, la llegada de las tarjetas de sonido, los gráficos VGA y los procesadores de nueva generación (incluidos los clones de Cyrix) convirtieron a esas aburridas cajas de color beige en potentes máquinas de juego. En combinación con enorme cantidad de RAM y aún más grande capacidad de almacenamiento,&nbsp;dieron comienzo a la edad dorada de los juegos para ordenador.</p><p>Es a partir de aquí cuando comenzamos a apreciar más candidatos a \"mejor juego de la historia\" o simplemente \"mejor juego en su género\".</p><p>LucasArts y Sierra convierten la aventura gráfica en algo más complejo que una simple búsqueda de píxeles, mientras que&nbsp;Comanche y Dune II sientan los bases de la simulación y la estrategia.&nbsp;Pero no solo eso: hablamos de juegos que, como Indiana Jones and the Fate of Atlantis, siguen siendo tan divertidos a día de hoy que podríamos jugarlos de cabo a rabo como el primer día. La nostalgia juega un papel importante, pero ya no es un factor crítico para su disfrute.</p><p class=\"ql-align-center\"><img src=\"https://i.blogs.es/29797e/msi-tarjeta/450_1000.jpg\" alt=\"Msi Tarjeta\"></p><p>Esto es algo especialmente cierto si nos fijamos ya en los albores de la era 3D, cuando básicamente se desarrollaron las mecánicas de lo que podríamos considerar la jugabilidad moderna.&nbsp;Aproximadamente por aquel entonces, allá por 1997, MSI lanzó su primera tarjeta 3D.&nbsp;La MS-4413 estaba basada en el diseño Permedia 2 de 3DLabs, un chipset popular en su momento por sus capacidades OpenGL pero que no tardó en dar el relevo a otras mucho más potentes como la MS-8802 de 1999, dotada con un chipset Nvidia Riva TNT2.</p><p>Ahora sí, la madurez de los gráficos 3D arrancaba con fuerza de la mano de MSI.&nbsp;Grandes de la talla de Need for Speed III: Hot Pursuit alcanzarían con ella algunas las más altas cotas de realismo gracias a las punteras tarjetas de la firma.&nbsp;Un apartado visual tan fluido como potente, una cuidada música y un refinadísimo control (que no era poco para la época) lo convirtieron en uno de los juegos de carreras más influyentes de todos los tiempos.</p><h2>Los clásicos que nunca mueren: secuela tras secuela, remake tras remake o simple evolución continúa</h2><iframe class=\"ql-video\" frameborder=\"0\" allowfullscreen=\"true\" src=\"https://www.youtube.com/embed/SdBvCG-BFpg?enablejsapi=1&amp;origin=https://www.xataka.com\" height=\"563\" width=\"1000\"></iframe><p><br></p><p>Llegados a este punto, los respectivos géneros de la industria han alcanzado ya una madurez técnica, mecánica e incluso argumentativa como para comenzar a encontrar auténticas joyas atemporales. Un claro ejemplo sería Doom, que sin ser el primer FPS&nbsp;sentó cátedra y sirvió para crear una franquicia que aún dura hasta nuestros días.&nbsp;Su refinadísimo control ha sido incluso objeto de estudio, pero lo que es igual de importante: ha servido como base a innumerables secuelas.</p><p>Doom 2016 es considerado por muchos el mejor FPS en lo que llevamos de década, pero&nbsp;el clásico aún sigue siendo actualizado por la comunidad de&nbsp;<em>modders</em>&nbsp;a través de iniciativas como&nbsp;<a href=\"https://www.moddb.com/mods/brutal-doom\" target=\"_blank\" style=\"color: rgb(177, 23, 48);\">Brutal Doom</a>. Y cada aniversario, miles de jugadores se congregan para fragearse online en recordatorio a esas míticas batallas en red. ¿Podríamos encontrarnos ante el mejor juego de todos los tiempos? Sin duda es un firme candidato junto a mitos tan alejados temáticamente como Tetris.</p><p class=\"ql-align-center\"><img src=\"https://i.blogs.es/44275f/sf/450_1000.jpg\" alt=\"Sf\"></p><p>Lo mismo sucede en otros géneros como el de la lucha.</p><p>La saga Street Fighter se forjó en los arcades (correremos un tupido velo sobre su versión para MS-DOS) y en sus lanzamientos posteriores ha logrado capturar a los jugadores de PC más competitivos gracias a un despliegue técnico y visual sin comparación. ¿Pero cuál de todos es mejor? Incluso entre los fanáticos de los eSports hay polémica. ¿Hyper Street Fighter II: The Anniversary Edition? ¿El controvertido Street Fighter V? Es mucho más que una simple cuestión de&nbsp;<em>hit boxes</em>.</p><p>En cierto modo es una cuestión de evolución. De títulos, sagas y géneros. Por ejemplo, si somos fanáticos de las aventuras gráficas posiblemente consideremos que cualquiera de los clásicos de LucasArts supera ampliamente a las propuestas actuales pese a sus limitaciones técnicas.&nbsp;Su creatividad e ingenio siguen siendo una referencia a día de hoy, llegando a inspirar propuestas actuales como Trüberbrook.</p><p class=\"ql-align-center\"><img src=\"https://i.blogs.es/169abc/overwatch/450_1000.jpg\" alt=\"Overwatch\"></p><p>¿Ahora qué? Pues lo mismo, solo que la iteración en forma de secuelas está dejando camino a la continua evolución de un solo juego. Los eSports tienen ahí mucho que decir. Es así como Overwatch, PUBG, Rocket League y Fortnite han planteado su evolución.</p><p>Y habrá gente que opine que ninguno de ellos ha destacado jamás por sus gráficos, música o creatividad,&nbsp;¿pero acaso no merecen ser considerados como auténticas leyendas cuando mueven todos los días a millones de jugadores?Definitivamente muchos de sus fans no dudarán en clasificarlos como \"best ever\" a pesar de su falta de pedigrí.</p><h2>Los grandes olvidados: durmiendo el sueño de los justos</h2><iframe class=\"ql-video\" frameborder=\"0\" allowfullscreen=\"true\" src=\"https://www.youtube.com/embed/o_n6l0oXOGs?enablejsapi=1&amp;origin=https://www.xataka.com\" height=\"563\" width=\"1000\"></iframe><p><br></p><p>¿Y qué decir de los incunables? Décadas de lanzamientos han dejado tras de sí auténticos juegazos que nunca alcanzaron el éxito o simplemente han caído en el olvido.&nbsp;Blood es para algunos el mejor FPS de todos los tiempos, superando incluso a Doom, pero poca gente llegó a conocerlo y la serie fue básicamente cancelada con su decepcionante secuela.</p><p>Si nos movemos al plano de la acción en tercera persona,&nbsp;la serie Crusader es posiblemente uno de los episodios dorados en la historia del género. Y nadie habla ya de ella, a pesar de que hoy en día un remake debidamente hecho (y no como Syndicate) podría ser totalmente exitoso. Como tantas otras leyendas, solo sobrevive en el corazón de unos fans que se lanzan a defenderlo cuando surge la conversación.</p><p class=\"ql-align-center\"><img src=\"https://i.blogs.es/af35b8/riven/450_1000.jpg\" alt=\"Riven\"></p><p>Como ellos hay muchos otros.&nbsp;Meridian 59 merece estar por derecho propio en el panteón de los RPG, tanto o igual que Mass Effect, Baldur\'s Gate II o los primeros Fallout, y tanto Ryven como The Last Express tienen argumentos suficientes para colarse en cualquier Top 10 de aventuras gráficas. Es más, si eres un fanático de estos géneros, cualquiera de ellos s podría ser fácilmente el mejor juego de todos los tiempos. A pesar de que ya casi nadie los recuerde.</p><h2>Más de 5 décadas de historia que también se notan en el hardware</h2><p>La belleza de ser jugador de PC es que virtualmente todos los títulos de los que hemos hablado siguen siendo jugables gracias a plataformas como Steam y GoG, que lo mismo aglutinan los últimos y más exigentes lanzamientos que los mejores clásicos de la era MS-DOS. Incluyendo también algunos francamente oscuros.</p><p>Así que&nbsp;no importa si crees que el ocio digital alcanzará la perfección con Anthem o si aún lloras la pérdida de tus disquetes favoritos.</p><p class=\"ql-align-center\"><img src=\"https://i.blogs.es/b37fdc/msi-mpg-optix/450_1000.jpg\" alt=\"Msi Mpg Optix\"></p><p>Lo realmente importante para reconciliarse con el pasado, el presente y el futuro es un hardware a la altura. Que además tiene unos requisitos bastante más comunes de lo que se podría pensar. Por ejemplo, los últimos juegos de acción requieren monitores con una elevada tasa de refresco, que también es necesaria si queremos gozar de unos gráficos 2D con píxeles como puños pero totalmente desprovistos de&nbsp;<em>ghosting</em>.&nbsp;Un monitor&nbsp;<a href=\"https://es.msi.com/Monitor/Optix-MPG27C\" target=\"_blank\" style=\"color: rgb(177, 23, 48);\">MSI MPG Optix</a>, con sus 144 Hz y amplia cobertura SRGB, puede ser una muy buena opción para gozar de ambos.</p><p>En cuanto a las torres, antiguas necesidades como la tarjeta de sonido dedicada y la aceleradora 3D han pasado a la historia. Un procesador Core i5 o superior y una tarjeta gráfica GTX 1070ti como las instaladas en la gama&nbsp;<a href=\"https://es.msi.com/Desktop/Aegis-3\" target=\"_blank\" style=\"color: rgb(177, 23, 48);\">Aegis 3</a>&nbsp;te capacitará para ejecutar con total soltura los últimos bombazos&nbsp;pero también clásicos futuros, e incluso una GTX 1050 puede ser una buena opción si no piensas pasar del Full HD.</p><p class=\"ql-align-center\"><img src=\"https://i.blogs.es/71b378/msi-stealth/450_1000.jpg\" alt=\"Msi Stealth\"></p><p>¿Tus necesidades te alejan de un escritorio? Tampoco es un problema. Así como antiguamente un portátil era una simple herramienta para rellenar hojas de Excel,&nbsp;MSI demuestra que no tienes por qué atarte a una mesa para disfrutar de los títulos más candentes del momento.&nbsp;Y no es algo nuevo.</p><p>Desde el lanzamiento en 2008 del&nbsp;<a href=\"https://www.xataka.com/ordenadores/msi-gx600-enhanced\" target=\"_blank\" style=\"color: rgb(177, 23, 48);\">primer laptop para juegos con&nbsp;<em>overclocking</em></a>, MSI se ha centrado de forma muy directa en los equipos de prestaciones lúdicas. El resultado son equipos modernos como el finísimo&nbsp;<a href=\"https://es.msi.com/Laptop/GS63-Stealth-8RF\" target=\"_blank\" style=\"color: rgb(177, 23, 48);\">Stealth</a>&nbsp;o los potentes&nbsp;<a href=\"https://es.msi.com/Laptop/GT83-Titan-8RF\" target=\"_blank\" style=\"color: rgb(177, 23, 48);\">Titan</a>,&nbsp;que prácticamente se equiparan con las mejores torres de sobremesa.</p><p>Lo que está claro es que la antigua necesidad de tener una DOS box para disfrutar de los clásicos está fuera de lugar, máxime cuando con el mismo PC también podemos ejecutar los juegos más punteros.</p><p class=\"ql-align-center\"><img src=\"https://i.blogs.es/fecd32/msi-aegis/450_1000.jpg\" alt=\"Msi Aegis\"></p><p>Nunca ha habido un mejor momento para ser jugador de PC. En serio, da igual cuando hayas nacido. Por mucho que pese la nostalgia. Un factor que sin duda pesa tanto como la capacidad para sorprendernos cuando éramos más jóvenes o nuestras propias apetencias personales. Porque a la hora de la verdad, solo un juego es el mejor de los tiempos:&nbsp;el que más nos haya marcado a nosotros.&nbsp;Una verdad universal que, sin embargo, es tan variada como el propio público.</p><p>Imágenes | MSI,&nbsp;<a href=\"https://en.wikipedia.org/wiki/Donkey_Kong_(video_game)#/media/File:Donkey_Kong_Gameplay.png\" target=\"_blank\" style=\"color: rgb(177, 23, 48);\">Wikipedia</a>, Mobygames (<a href=\"https://www.mobygames.com/game/dune-ii-the-building-of-a-dynasty/screenshots\" target=\"_blank\" style=\"color: rgb(177, 23, 48);\">1</a>,&nbsp;<a href=\"https://www.mobygames.com/game/windowsmobile/riven-the-sequel-to-myst/promo\" target=\"_blank\" style=\"color: rgb(177, 23, 48);\">2</a>)</p>', CONCAT(CURRENT_DATE - INTERVAL 5 DAY, ' 15:34:12')),
(8, 1, 2, 'Los 11 requisitos que todo amante del diseño anhela en su portátil', 'Suele pensarse que no hay consumidor más exigente que los gamers. Lo cual es un error de bulto, porque no hay nadie con un talento tan especial para sacar pegas a un portátil aparentemente perfecto que los fanáticos del diseño. Y si además dicho usuario es aficionado a los videojuegos, el listón se pone por las nubes. No es fácil satisfacer a un público tan exquisito, pero hay formas para conseguirlo.', '<p>Lo más importante es conocer cuáles son sus exigencias, así como sus inclinaciones en materia de ergonomía y usabilidad. De entrada sabemos que el grosor y el peso son fundamentales, pero... ¿acaso no son críticos&nbsp;el cromatismo de la pantalla o la capacidad para pasar horas y horas editando imágenes&nbsp;sin miedo a quedarse sin batería? ¿Y hasta qué punto están dispuestos a sacrificar funciones a cambio de reducir el tamaño de un portátil?</p><p>Como siempre, todo es cuestión de necesidades y prioridades. Que son muchas, tal y como corresponde a&nbsp;un público tan sibarita.</p><h2>1) Color y contraste: fidedigno con buena saturación</h2><p class=\"ql-align-center\"><img src=\"https://i.blogs.es/2d59cc/msi---15/450_1000.jpg\" alt=\"Msi 15\"></p><p>No importa si eres diseñador gráfico o jugador. El negro debe ser negro, el rojo no puede ser naranja y la escala de grises debe ser eso, no una colección de brochazos. Por este motivo es imperativo que el portátil en cuestión tenga un panel de alta calidad para brindar el&nbsp;contraste y la colorización que necesitan profesionales y&nbsp;<em>gamers</em>&nbsp;por igual.</p><p>Si bien los paneles IPS tienen una serie de ventajas frente a los habituales VA que podemos encontrar en los equipos \"de oficina\", esta no es la única opción. MSI utiliza paneles TN \"IPS-Level\", que no solo ofrecen la calidad propia de la tecnología IPS, sino que&nbsp;mejoran aspectos críticos como la latencia y el refresco, problemáticos para los monitores IPS generalistas.</p><p>Como referencia, el&nbsp;<a href=\"https://es.msi.com/Laptop/P65-CREATOR-8RX.html\" target=\"_blank\" style=\"color: rgb(177, 23, 48);\">MSI P65 Creator</a>&nbsp;se configura como un equipo multipropósito, lúdico y para trabajar, al poder&nbsp;cubrir prácticamente el 100% del espacio de color sRGB.&nbsp;Esto significa que se verá de cine con cualquier videojuego, pero también que los diseñadores gráficos no se llevarán un susto al llevar a imprimir sus creaciones o mostrarlas a un cliente en un monitor profesional. Y además es rápido como una centella.</p><h2>2) El tamaño de la pantalla y la resolución: apunta por encima de las 13 pulgadas</h2><p class=\"ql-align-center\"><img src=\"https://i.blogs.es/113904/msi---00/450_1000.jpg\" alt=\"Msi 00\"></p><p>No es fácil equilibrar una buena ergonomía para trabajar con una portabilidad adecuada. Una pantalla demasiado pequeña garantiza menos peso y un tamaño más compacto, aunque nos acabaremos dejando la vista tratando de mover vectores o encajar a un enemigo en nuestras migas.&nbsp;Pásate de grande y el resultado será un \"portátil\" puramente nominal, tan grande y pesado que no querrás quitarlo del escritorio.</p><p>El equilibrio perfecto es para gran parte del público un tamaño de 15,6 pulgadas. Ni muy grande, ni muy pequeño. Y todavía se puede ajustar más, puesto que el panel del&nbsp;<a href=\"https://es.msi.com/Laptop/P65-CREATOR-8RX.html\" target=\"_blank\" style=\"color: rgb(177, 23, 48);\">P65 Creator</a>&nbsp;ha sido engastado por MSI usando unos marcos tan finos que&nbsp;posee las dimensiones de un equipo de 14 pulgadas.&nbsp;<em>Win-win</em>.</p><p>Por otro lado, debemos evitar la tentación de usar una pantalla de altísima resolución. No solo perjudica a la batería, sino que reduce el rendimiento del hardware al exigirle procesar un mayor número de píxeles y encima estos quedan desperdiciados dado el tamaño del monitor. A lo mejor los 4K son lo más de lo más en televisores, pero hay buenas razones para que&nbsp;el Full HD siga siendo la norma en los portátiles para juegos.</p><h2>3) La velocidad de refresco: un antes y un después</h2><p>Si el&nbsp;<em>gaming</em>&nbsp;para portátiles no ha despegado hasta ahora no ha sido solo por la falta de la potencia. Las pantallas eran malas. Muy malas. En parte porque la mayoría son demasiado lentas e incapaces de adaptarse a tasas de fotogramas superiores a los 60 Hz. Esto cambia con la aparición de&nbsp;equipos a 144 Hz como la edición limitada del&nbsp;<a href=\"https://es.msi.com/Laptop/P65-CREATOR-8RX.html\" target=\"_blank\" style=\"color: rgb(177, 23, 48);\">MSI P65 Creator</a>, caracterizada por su color blanco y cuyas pantallas se equiparan con las de los mejores monitores para juegos de sobremesa.</p><p>Además de brindar imágenes mucho más fluidas y evitar problemas de calidad, esta pantalla ofrece una latencia de 7 milisegundos. Esto significa que el tiempo que tarda un píxel en cambiar de color es&nbsp;notablemente inferior al necesitado por otros equipos, evitando el&nbsp;<em>ghosting</em>.</p><h2>4) El procesador: el apellido lo es todo</h2><iframe class=\"ql-video\" frameborder=\"0\" allowfullscreen=\"true\" src=\"https://www.youtube.com/embed/vYdH5JcZc38?enablejsapi=1&amp;origin=https://www.xataka.com\" height=\"563\" width=\"1000\"></iframe><p><br></p><p>Un procesador Intel Core i7 es un procesador Intel Core i7... salvo cuando no rinde como tal. El problema con muchos portátiles es que utilizan&nbsp;versiones de bajo consumo y prestaciones anémicas. Así que hay que estar atento para que no te den gato por liebre. Esto no es un problema con el&nbsp;<a href=\"https://es.msi.com/Laptop/P65-CREATOR-8RX.html\" target=\"_blank\" style=\"color: rgb(177, 23, 48);\">MSI P65 Creator</a>, que integra un Intel Core i7-8850H.</p><p>Este chip de octava generación ha sido específicamente diseñado para portátiles de gama alta. Cuenta con una configuración de seis núcleos y doce hilos, pero lo que es más importante:&nbsp;rinde casi un 50% más que un Kaby Lake equivalente. Esto asemeja sus prestaciones a las de un musculoso ordenador de sobremesa pero con una mayor eficiencia. El resultado es un equipo todoterreno y preparado para las aplicaciones más exigentes.</p><h2>5) La tarjeta gráfica: esto va de trabajar (o jugar, tú decides)</h2><p class=\"ql-align-center\"><img src=\"https://i.blogs.es/dbdcd7/msi---16/450_1000.jpg\" alt=\"Msi 16\"></p><p>Tanto si hablamos de programas de diseño 3D como si pensamos dedicarnos al juego puro y duro, vamos a necesitar una buena GPU. Nvidia juega prácticamente en solitario cuando hablamos de portátiles&nbsp;<em>gaming</em>&nbsp;de gama alta,&nbsp;especialmente con el lanzamiento de la familia Max-Q.&nbsp;Estas tarjetas gráficas se caracterizan por ofrecer un alto rendimiento pero con mejoras específicas a nivel de software y voltaje para reducir tanto su perfil térmico como el consumo.</p><p>Una tarjeta GeForce GTX 1050 Ti Max-Q permite mover la mayoría de los juegos modernos&nbsp;en Full HD y con un elevado nivel de detalle con tasas de 60 FPS y superiores.&nbsp;Una GTX 1060 Max-Q llega aún más lejos.</p><p class=\"ql-align-center\"><img src=\"https://i.blogs.es/7cf96d/coolerbooster1/450_1000.jpg\" alt=\"Coolerbooster1\"></p><p>La GTX 1070 Max-Q de la edición limitada del&nbsp;<a href=\"https://es.msi.com/Laptop/P65-CREATOR-8RX.html\" target=\"_blank\" style=\"color: rgb(177, 23, 48);\">MSI P65 Creator</a>&nbsp;es un buen cañón para juegos, pero&nbsp;también para herramientas profesionales de diseño 3D.&nbsp;Lo más potente que se puede obtener en portátiles manteniendo un grosor próximo al de un Ultrabook.</p><p>Este despliegue gráfico requiere naturalmente de un&nbsp;avanzado sistema de refrigeración.&nbsp;Para lidiar con el calor generado por la GPU es necesario un diseño inteligente de los elementos de intercambio y evacuación, que en el caso que nos ocupa despliegan tres ventiladores silenciosos y cuatro&nbsp;<em>heat pipes</em>&nbsp;para poder utilizar el portátil en el regazo cómodamente.</p><h2>6) El sonido: es la mitad de la experiencia</h2><iframe class=\"ql-video\" frameborder=\"0\" allowfullscreen=\"true\" src=\"https://www.youtube.com/embed/qmFLH4i1Rxo?enablejsapi=1&amp;origin=https://www.xataka.com\" height=\"563\" width=\"1000\"></iframe><p><br></p><p>Cuidado con esto, porque muchos fabricantes descuidan totalmente el sonido de los portátiles. \"Total, seguro que usan auriculares\", suele ser la excusa. Y es cierto, pero en muchas ocasiones no querremos hacerlo. Por ello es interesante que nuestro portátil no solo tenga un buen equipo de audio integrado, sino que además permita su configuración.&nbsp;Algo complicado cuando hablamos de equipos extrafinos, casi sin espacio para cámaras acústicas.</p><p>Un punto a favor es la presencia de herramientas como Nahimic, que permite generar sonido envolvente virtual, configurar perfiles de audio para distintos usos (juego, películas conferencias) y&nbsp;modificar manualmente tanto los agudos como los bajos.&nbsp;Solo así evitarás el efecto \"enlatado\" de tantos otros portátiles.</p><h2>7) Las capacidades de red: el lag mata</h2><p>Un fallo recurrente con muchos portátiles es que el pobre rendimiento de su conectividad Wi-Fi. Tanto en consumo como en recepción. Y esto puede ser un problema en entornos profesionales como el de una oficina, pero también a la hora de jugar. MSI lo ha resuelto en su gama Creator con el uso de un módulo Intel Wireless-AC 9560 a/c, que&nbsp;no solo es compatible con los routers más recientes, sino que incorpora una antena 2x2.</p><p>Asimismo, y puesto que en no todas las oficinas (ni hogares) es posible usar una red inalámbrica, el&nbsp;<a href=\"https://es.msi.com/Laptop/P65-CREATOR-8RX.html\" target=\"_blank\" style=\"color: rgb(177, 23, 48);\">P65 Creator</a>&nbsp;integra un conector de red Ethernet.&nbsp;Así que no es no es necesario usar un adaptador fácil de perder.&nbsp;Un detalle cada vez menos frecuente debido al énfasis que hacen muchos otros fabricantes en ofrecer equipos delgados aunque sea a costa de las opciones de conexión.</p><h2>8) Máxima autonomía: porque nadie sabe cuánto va a durar tu día</h2><p class=\"ql-align-center\"><img src=\"https://i.blogs.es/eb5274/msi---08/450_1000.jpg\" alt=\"Msi 08\"></p><p>La batería no importante mucho en un portátil estrictamente para jugar. Después de todo, lo vas a usar principalmente en casa. Pero cuando además se busca un equipo apto para trabajar en cualquier lugar,&nbsp;ya hay que prestarle más atención.</p><p>MSI demuestra que delgadez, rendimiento y autonomía no están reñidos al ofrecer&nbsp;más de 8 horas de trabajo ofimático continuado&nbsp;con el&nbsp;<a href=\"https://es.msi.com/Laptop/P65-CREATOR-8RX.html\" target=\"_blank\" style=\"color: rgb(177, 23, 48);\">MSI P65 Creator</a>, lo que supone que tiene capacidad para aguantar toda una jornada antes de pedir que lo conectes al enchufe.</p><h2>9) El teclado: no vas a llevar otro en la mochila</h2><p>¿Ultraportátil y teclado? Mala combinación. Por regla general la mayoría de los equipos de estas características tienen teclas apretadas, excesivamente flexibles y de pobre recorrido. Por este motivo es importante la colaboración de&nbsp;especialistas como la firma de periféricos Steelseries, que ha dejado su sello en el diseño y los interruptores del&nbsp;<a href=\"https://es.msi.com/Laptop/P65-CREATOR-8RX.html\" target=\"_blank\" style=\"color: rgb(177, 23, 48);\">MSI P65 Creator</a>. Solo así se puede combinar la estética de un Ultrabook de altas prestaciones con las prestaciones y buen tacto de un teclado gaming.</p><h2>10) Las posibilidades de expansión: que tu portátil no se quede pequeño</h2><p class=\"ql-align-center\"><img src=\"https://i.blogs.es/f63af1/msi---12/450_1000.jpg\" alt=\"Msi 12\"></p><p>Está claro que la delgadez y un peso reducido son las metas de todo esteta que se precie. O de cualquier profesional que deba viajar con el portátil a cuestas. El problema está en que últimamente estamos viendo muchos equipos que solo logran sus ambiciosos objetivos de cotas eliminando algunos puertos fundamentales, y&nbsp;eso es un problema realmente serio en entornos de trabajo.</p><p>Idealmente todo equipo con una orientación profesional&nbsp;deberá contar como mínimo con dos puertos USB para conectar periféricos&nbsp;(un disco duro externo o pendrive y una tableta digitalizadora o un ratón, por ejemplo), así como un conector Ethernet gigabit. Pero también una salida de vídeo HDMI, para monitores externos, y si es posible una DisplayPort o incluso un conector USB-C con Thunderbolt 3.</p><p class=\"ql-align-center\"><img src=\"https://i.blogs.es/45f7d6/msi---10/450_1000.jpg\" alt=\"Msi 10\"></p><p>Este último puerto hace posible utilizar desde unidades gráficas externas o eGPU para disfrutar de rendimiento profesional en entornos tridimensionales a&nbsp;conectar hasta tres pantallas externas&nbsp;en función de la configuración, con la capacidad para mostrar imágenes a resolución 4K.</p><p>Sea como sea, cualquier amante del diseño&nbsp;sabe que no puede escatimar en puertos.&nbsp;Porque una cosa es centrarse en la estética del equipo y otra terminar con un bello portapapeles de líneas aerodinámicas eternamente conectado a un espantoso&nbsp;<em>dock</em>&nbsp;industrial para suplir sus carencias.</p><h2>11) El almacenamiento: que no corra,&nbsp;<em>que vuele</em></h2><p class=\"ql-align-center\"><img src=\"https://i.blogs.es/fde6dd/msi---04/450_1000.jpg\" alt=\"Msi 04\"></p><p>Por último, que no menos importante, hay que prestar atención al almacenamiento. Y no hablamos de la capacidad sino de la tecnología. Los discos duros de platos pueden ofrecer una gran capacidad, pero como sabe cualquiera que edite fotos en formato RAW o trabaje con contenidos especialmente pesados, cargar una galería desde un disco duro tradicional es una tortura.&nbsp;Se hace necesario el uso de una unidad SSD.</p><p>Más importante todavía, esta SSD tiene que utilizar una interfaz moderna para evitar cuellos de botella. Así que deberemos evitar los modelos más baratos e ir a por&nbsp;uno más reciente y sofisticado con conexión NVMe PCIe 3, que será el que proporcione la máxima velocidad de carga. Solo así nos aseguraremos de la máxima velocidad de carga tanto para Windows como para cualquier archivo al que queramos acceder.</p><p>Y es que&nbsp;el tiempo de todo profesional es oro, ya esté editando imágenes a contrarreloj o&nbsp;<em>grindeando</em>&nbsp;cuando no mira ningún cliente.</p>', CONCAT(CURRENT_DATE - INTERVAL 6 DAY, ' 15:35:19'));
INSERT INTO `noticias` (`id`, `autor`, `categoria`, `titulo`, `cabecera`, `cuerpo`, `fecha`) VALUES
(9, 1, 3, 'Guía Fortnite: mapas y consejos para todos los Desafíos de tiempo extra gratuitos (Temporada 7)', 'Los desafíos más esperados de la historia de Fortnite ya están aquí. Estos nuevos desafíos \'Tiempo extra\' permitirán conseguir el pase de batalla de la temporada 8 de manera gratuita si somos capaces de conseguir completar 13 de ellos. Tendremos tiempo de sobra para afrontarlos, ya que el plazo termina el día 27 de este mes de febrero, pero más vale la pena ponerse manos a la obra antes de que nos pille el toro.', '<p>Es pertinente decir que de momento sólo conocemos cinco de ellos, siendo necesario esperar varios días para que se vayan desvelando los retos que Epic Games propone a los jugadores de Fortnite. Los que ya están disponibles no son extremadamente complejos de conseguir, pero nosotros te damos las claves para que todo sea un juego de niños.</p><p class=\"ql-align-center\"><a href=\"https://www.vidaextra.com/guias-y-trucos/trucos-secretos-estrategias-para-mejorar-fortnite\" target=\"_blank\" style=\"color: rgb(9, 104, 81);\"><img src=\"https://i.blogs.es/bccdc0/fortnite/375_142.jpg\"></a></p><p><a href=\"https://www.vidaextra.com/guias-y-trucos/trucos-secretos-estrategias-para-mejorar-fortnite\" target=\"_blank\" style=\"color: rgb(119, 119, 119);\">EN VIDA EXTRA</a></p><p><a href=\"https://www.vidaextra.com/guias-y-trucos/trucos-secretos-estrategias-para-mejorar-fortnite\" target=\"_blank\" style=\"color: rgb(51, 51, 51);\"><strong>Guía Fortnite: los mejores trucos, secretos y estrategias para mejorar</strong></a></p><iframe class=\"ql-video\" frameborder=\"0\" allowfullscreen=\"true\" src=\"https://www.youtube.com/embed/vODkXZ_A_iY?enablejsapi=1&amp;origin=https://esports.xataka.com\" height=\"366\" width=\"650\"></iframe><p><br></p><h2>Desafíos de tiempo extra gratuitos (Temporada 7)</h2><iframe class=\"ql-video\" frameborder=\"0\" allowfullscreen=\"true\" src=\"https://www.youtube.com/embed/x_LcvvX_6bU?enablejsapi=1&amp;origin=https://esports.xataka.com\" height=\"366\" width=\"650\"></iframe><p><br></p><ul><li>Reúne monedas en islas creativas destacadas: 15 monedas - El primero de los desafíos es tan autodescriptivo como asequible. Con entrar en el Modo Creativo y acudir a una de las islas en las que sea más fácil hacerse con ellas como MOVE!, el escenario realizado por el usuario tolimolia.</li><li>Inflige daño a enemigos con fusiles de asalto o pistolas: 500 puntos de daño - Aquí lo más fácil es usar los fusiles, ya que no es tan fácil hacer esos puntos con pistolas a no ser que sea contra rivales que estén por el suelo. Usar el fusil pesado y jugar Refriegas de Equipos, con su respawn, debería ser lo más rápido.</li><li>Registra cofres o cajas de munición en un motel o en un parque de caravanas: 7 cofres o cajas - El motel se encuentra al norte de la isla,entre Sociedad Sibarita y Chiringuito Chatarra, mientras que el parque de caravanas está al este, entre Ciudad Comercio y Soto Solitario.</li><li>Acaba en el top 15 de dúos con un amigo: 3 partidas - Quizás lo más complejo aquí será tener amigos (jeje). Fuera bromas, incluso campeando es posible completar este desafío sin grandes problemas.</li><li>Recupera salud de una fogata en partidas distintas: 3 partidas - Hay dos condiciones que se deben cumplir para que avancemos en este desafío. Por un lado es necesario tener menos de 100 puntos de vida y por otro que haya una fogata cerca de nuestra posición. Como desplegarla nosotros mismos depende de haberla conseguido, lo mejor es ir a zonas como la Alameda Aullante, donde hay muchas.</li></ul><p class=\"ql-align-center\"><img src=\"https://i.blogs.es/b4493d/fortniteee/450_1000.jpg\" alt=\"Fortnite\"></p><p>Nuestros amigos los mineros de datos han filtrado la lista superior con&nbsp;los desafíos que estarían por salir durante los próximos días&nbsp;y que van muy en la línea de los primeros que ya os hemos detallado. Os contamos lo que dicen:</p><ul><li>Inflige daño a enemigos con escopetas o subfusiles: Ahora sí que podemos aprovechar la versatilidad que no está brindando el poder usar dos armas bastante útiles. De nuevo recomendamos las Refriegas de Equipo.</li><li>Dura más en una partida que 75 oponentes: Aquí es el momento en el cual toca hacer de rata humana y aguantar hasta los instantes finales de una partida.</li><li>Juega partidas de Driftboard con un amigo: Tampoco tiene más chicha que tener un colega con el cual echar unas carreras de snowboard.</li><li>Registra cofres o cajas de munición en el circuito o en club de baile: El circuito está en el este de la isla, justo debajo del Soto Solitario, al igual que el club, que está encima del circuito.</li><li>Registra cofres o cajas de munición en&nbsp;<em>the Block</em>: Este espacio donde Fortnite comparte las creaciones de la comunidad es un lugar de sobra conocido por todos los jugadores.</li><li>Registra una entrega de suministros en varias partidas: Esto puede ser un problema, ya que serán unos cuantos los jugadores que querrán hacerse con este desafío (además de los objetos que contiene la caja). Aquí merece la pena usar la construcción para llegar rápido y cubrirte mientras asaltas el botín.</li><li>Da las gracias al conductor del autobús en varias partidas: Tan simple como darle al botón inferior en el pad o a la B en PC antes de saltar.</li><li>Acaba en el top 10 de equipos con un amigo: Bastante asequible acabar en esta posición, por lo que aquí el tema es encontrar un amigo con el cual conseguirlo.</li><li>Visita distintas cataratas: Tan fácil como seguir los ríos hasta su salida al mar.</li><li>Revive a un compañero en varias partidas: Jugar en squads y dejarte ver menos que tus amigos es una buena opción para cumplir esto.</li><li>Visita lugares con nombre propio: Muy sencillo de explicar. En este desafío es necesario alcanzar el centro de lugares con nombre propio como Pisos Picados, Sociedad Sibarita o Ciudad Comercio.</li><li>Alcanza el nivel del pase de batalla 47: Con lo que llevemos de esta temporada y la experiencia que se logra con estos desafíos, este trabajo debería estar prácticamente hecho.</li></ul><p><br></p>', CONCAT(CURRENT_DATE - INTERVAL 1 DAY, ' 15:37:14')),
(10, 1, 2, 'Pedro Sánchez convoca elecciones generales anticipadas el 28 de abril', 'Las elecciones generales serán el 28 de abril, justo después de la Semana Santa y menos de un mes antes de las municipales, autonómicas y europeas del 26 de mayo. El presidente del Gobierno, Pedro Sánchez, ha desvelado la incógnita este viernes sobre unos comicios a los que ha dicho que se ha visto abocado después de que sus Presupuestos no salieran adelante. \"Voy a, de forma humilde, pedir la confianza de los españoles\", ha indicado.', '<p>Las elecciones generales serán el&nbsp;28 de abril, justo después de la Semana Santa y menos de un mes antes de las municipales, autonómicas y europeas del 26 de mayo. El presidente del Gobierno, Pedro <a href=\"https://ih0.redbubble.net/image.418429827.6579/flat,550x550,075,f.u4.jpg\" target=\"_blank\">Sánchez</a>, ha desvelado la incógnita este viernes sobre unos comicios a los que ha dicho que se ha visto abocado después de que sus Presupuestos no salieran adelante.&nbsp;\"Voy a, de forma humilde, pedir la confianza de los españoles\", ha indicado.</p><p>Sánchez se convirtió en presidente del Gobierno en pasado&nbsp;2 de junio&nbsp;a través de una&nbsp;moción de censura&nbsp;contra Mariano Rajoy cuya legitimidad se ha cuidado mucho en defender este viernes, frente a los ataques constantes de&nbsp;PP&nbsp;y&nbsp;Ciudadanos&nbsp;por este motivo. Antes de ganarla, afirmó que su intención era convocar elecciones \"cuanto antes\", pero a mitad de junio indicó que pretendía \"agotar la legislatura\", es decir, no convocar hasta 2020.</p><p>\"El Gobierno nos hemos topado con un bloqueo en forma de rechazo a los Presupuestos más sociales\", ha explicado. En ese caso \"la disyuntiva que se nos plantea es clara como Gobierno, o continuar con unos presupuestos que no son los nuestros o creer como creo que España necesita avanzar, no dar pasos atrás\".</p><p><br></p><p>\"De las dos opciones, no hacer nada y continuar si presupuestos o convocar y dar la palabra a los españoles, elijo la segunda\", ha concluido en una comparecencia tras una sesión extraordinaria del Consejo de Ministros a los que ha informado de la decisión. Después, lo ha comunicado al Rey y el 5 de marzo se disolverán las Cortes, 54 días antes de los comicios, mediante un real decreto ley. Sánchez ha terminado su intervención a la prensa asegurando que \"ha sido un placer\".</p><p><br></p><h2>Sin Presupuestos</h2><p><br></p><p class=\"ql-align-center\"><img src=\"data:image/jpeg;base64,/9j/4AAQSkZJRgABAQAAAQABAAD/2wBDAAsICAoIBwsKCQoNDAsNERwSEQ8PESIZGhQcKSQrKigkJyctMkA3LTA9MCcnOEw5PUNFSElIKzZPVU5GVEBHSEX/2wBDAQwNDREPESESEiFFLicuRUVFRUVFRUVFRUVFRUVFRUVFRUVFRUVFRUVFRUVFRUVFRUVFRUVFRUVFRUVFRUVFRUX/wgARCAHZArYDASIAAhEBAxEB/8QAGgABAQEBAQEBAAAAAAAAAAAAAAECAwQFBv/EABkBAQEBAQEBAAAAAAAAAAAAAAABAgMEBf/aAAwDAQACEAMQAAABllsFBSFBSUACgAoAUUUlAAoigAUgJjfzjn8tM2ZzI3JDfLpipWjGoLECI1krLYw3LIliCgCwATeCggAAAAP14RSgKAoAoAKAUAFAUUAAFSKAWLlOXwfd8vOs53k5qJcQ1mUVpZO+83z67dJry32SXy8/Xys4TTWOW9ZrMsZChYgqVDeViCkogBRLAD9fRAqgUABQBZQCgUUAoBBVAFIoAmXzjj83WcVJhYzmxOmpeeu/smvB19/qxv5nf6+5r5nT6Vl+bn6XNfm5+lwPmeP3+PeOGNzfLnnebmFSagliiaJYizWQKJQAAD9eEWWhQBZQBQFJQKABQAUAAoAEsPL8H7XhzrxOvGXnx7ciL6Vz6PZ7cdPF7vT6Mb49utXnnrlMbaOWOuDz+T2cF8nk9/lrx+b6Xz98vNO3LfOBEsQ1CWUq6XE3hIAKAAA/YJUCqAUAFBQAoAUABQUAAAlUk1DyeX6HLOvn+f6HM+Xz+rjG/H9x9fHXlvpnOmiiQiQoNeftxOfL0SPFx+j8+vD5/Xy1z8PH0+fpzyq5TpgY65MtUzbSYmkyShSVCyiA/YhFgopZQUAUBQBYKBQAUUUlAEAASjE6Dlvr18/pdc3Oy0zbKzlmLm6FZqcNyLNZM/O93gry8vTxufH5fZ5unHn0uzPL1eWmdYuamybxkk1mywAJQAIP2JUAWKoFAClAAKBZQBZQBQBQQolAAF69MPL6ulxqXaKSZM5pb0hJjfMzjUWzXM5eX05r5ee3K48HD0+Xpy9Ezo6ebtg4LnWLrGxjpqXndYsY1UwsoAAD9hYSpRZaWUAqUWUAWUAWC2UAqUAFAAAABV6b5a8vq6XnuW2SmbF59M9CxExm5lQMZsM8unKuPi9HOzx8fXx1jw9PV5t89a4E1zuLHXns6WZlZ3DlO2NZmN5MrEAKr9gEAUBQWgFACgKJQoFgoBSUABSUABV6dOfTzelLc6jUM53lbJDXPWak1DKyM8+vEudcV4+f1cjxcfocrnydM894nPtyuMcu+dZ47arNQqjGNc7Ln0fRl+PP0LG/z1+p4d44ouP2IsAoKKoFlAFlBSUBQAoAUAFAUllIoil30PP6ZvPXOotrnjpmOU3g2tMLkzz684nHpza546YlY1yJVOHk+h59Y8PPrjpy457c9Ym8Ded5XWPVZryfS+j7M9OefF8zPT6nl8Wz0vNqzyvprz+qO3lUAKUAUoBQAUFBYFACgAoKlJQAc+nzJfsb+P8AU4enfbxdzevPmu+fJ5z6PP5GT7e/z3vl9+fPZe/OZhz6cZU1mXnLVqwz5PV5bPNw68enK8e/O5553NZm8+ya+h9Dj05d9fG7/Gtvr5/WOfP6PhxfPjNX1OiX2D2fNoFlFlAKKWUCFlFiqAUAFAFlKlBSKEonD0D8396+Tl2xPZ8LHT2+f53PWPoa+d0r2Yx3lx27dJrny9vCXHflqa9N47zdc+nEu+XWXedDnw7D53l+p4enPz51vXPn1ul19Hl359O/Lkm/Nx14N5+76fjds7+n4urOvl7K+i7I3ZfV80CilAUAUAKBSgKlAKAWBaAoAAAEo5+fr04ej8/4/t/Oz08jrx1n1ez4LWP0l/Pe/G/o58epv0Xj1zrreaOnRs49Lsk1Fw3Dz+b2cbn589fLWOPTtWumjN5vZD5Hm7tu86enN4+3l0m/L5fb4a+g8rM+ol9XzgKKWUoAKBYKUAWUAFAFlFlBaACAoABvHbHTzeL6/n83q8fH6jWfi8PuSvxn0fp+rpj4z7Hjx15Y9nbHT5/b1MuffXZOLfGzeUTXO5XnjXMmWEtzs3cdrPZvl0s/Kz0cdvT7vn+rn19vfh0T5U8vu1PM4Lj9GO3iWUWWhQIWWgKlFlAKABZQUAoKAAAAUlB34enHWcOvHh6bZTHD04X5M9WHTHTXRca7Zk6a1pnF3E4TfKMZvM1y1zM89c6ZsTWs6N9eQ79vF2r4/Ln06Z930Ovn566fLnJenb0fNs8w6cf046eZZRZRZSUFlUEUFQotFAFAUBKCpQAAFFAS+rj35+jhJjn13jXPO+t4do82PX5Jrr38+tTrl0TWdZRzcpqc7iWc9YRy3zTMRIqpuU1z3yNWYqfR8Wq9Hz5uMezrDz/I7effPQ1j9MOnnWUWUWUBaAEoKlUBQAopZRZUAqUBQQCpVSpfXGOfo8+Nc+fTc5zO9dvJ0mvb5fRbn5XX0q135xOvm58prtyxJd4RM4nOTfOTU1BFmiWUcunJLm5rt7PP7l571k18fv8AG1M6x03yrbL9Ert5gKCgWVQKlBQABZQoAWUWVAWgCgFgqUdePpx01Fz28vn9Xkx05Y64xvGuWJr63o+f7rjVzvWO/wA76PiuPFjpy5+nGd8i9OO0582LmlRaSagWDPPWbImU93bwcF+h4vHy3m89a3idXTFKl/QDv5BRZVAUFgoFlALFAFAAoURYWpQABYKgezx9+ffXPHOdOnHNzq8teeb5eb0efPT0fV/P/ZT3MtcvX4fR4rnlx6csd+fLaM7nSzhj08EzaQskmUqySxjWUxEsuN5sxjrE576WXm6Qwo++PR46lFlUCpRYKlKABZRYKABZRZQCgAAAqCY6ccdPL5nix6OnBd8728fTHT0ed63S/Zz3zW8Zk7eTpzOfn9GZvzuujh0tTHDvxJqJGdZTObmyQsmRMZubkgpDr057mmNZQD7Y9HjopZRYKAUAoAFlAFABQFBQAEBQLAAAc+kX4vp9GOPr6ejmrteMa7cpcbzjpjNqZJcDXGwxm5hKLjXO5nPWUirM41lMS4uVyspZenSamsy2MNLPtD0eMUAWUAoFgoAKCoKgoKlFgqUAWCoKgqCoioKQ48/R5ufp54c509DzZa9evD0Pfnnc6c7nOreexLgxOnKlzZLkucZsZS4M5uLmYudZINdefaXerc7y1ky0T647+JYKgtgqUAqCgqUAqCpRYKgqUWCoKiKlFgAAACHDvGvncvR87Pr68Rvi69rHo0y6c98s7msQ75ozy1yF57TdkYxm5pi5ZzzudSRm5tzs36OXfO9qzpjeTLRPqDp4qiqlFgoFgoAKlFgqUAAqCgWCoKAAIAAAAFXeZ6np8evVHTzt84jLLz+b1+NeTOF9euPQ58dckdOPQ6wScumUxjXLWZhLlKsdM9c66d+fTO7rNWTUjKj6Vl6eIoigAUAUBSUoolAqIoKSKJQKIoiqKiKIoiiKIo817fOd/oZ4WdeuOTOu046l3yczl5fVws3vMOeOmbM9WixzhzvLWXKy5kqxWpddMdprpubzpKMzWQD6it+OKCiOnevK9PAzaI0M2olu65voeEzaSKUoiiWjNpItMt+yvBd5iKI0M2iNDLQy0M+b1+V04Z64x6OMshZF3jQ4ulOTcHP1+q5+Oc11zzi5vI1BUy+58Ua7fRl+Z2z1xvVtXN9izxZ1mXKj7Cunjmp0Ly9flqfb+L9qvD6cZs5cvo+CW8Ps+Qxy9fpr5Ho9Hmj6Hxvt/OsjvuPmu3KXrr6HiqT1Ys8vS+0+R6b6Y8fL6vCuXr8/pr5vXn6Y5cvo+A1v3eI53p0OM9nlOWfo4OHH1dT5vD0+uX5/n65z18no+v8ADMej6WDx49H0T8xM659fS+1x68fz36b4f2z8dmTO/q8/X9rfP8h6/B+xr8p6Hml+h8f9t8aN+Xv9c/Pemfdl+T4Pt+Ca9Po+H9qz5fi7ZzvL7brjktxxnv8AJ9XT5/n9XGOf2fleqvJntyj6fjnbU9flnnPTx7YPR5cek9fg1xPTvkOXKpfqeK9bNY6eM6+zzSsejydo5d88Dv6eGaz6fN0O/h6w9nzPVxjpvna9Hk3k9eefE3nrzOPs8movx/vcmt/C9/nl+lj43tm8/X+D1PmdePnxv9h+b69N8/D+o/Le6z4P0PL71+x7HxNY+H+q/Ndc7+z+f9zN/UfKvzj2fX+Zgx9j4vrjt5uRedJry/X4/S9HPLm9Pn41fD0np849XmlIolAUlUigUlKKJQejz09vjlqKgAUlEAKAAooigoiiKJw9BfieH9RJr8jj9Vza/LT9TtPye/1nWz8x9L65OPUZnzvofD2+Nvnvl27duPbHXes3NtyNXNVuC+jn9rty3jXm9nkw4tX0jwbWUAAoFAKUAFAUigUAAUBSKSUoBZQoSgAAAAAKCAIsAIsOP5f9F+X6uHTlefX2dePXj16a56WyJd6zqGufss+p3uff5OPl9Hk3jmiX/8QALRAAAgIBAwMDBAEFAQEAAAAAAAECAxEEEBITICEwMVAUIjIzQQUjNEBgFUT/2gAIAQEAAQUC+JbLbh+G9ns/O2f+Ovswe4/bPhP/AEm/TS+Vm/FkuTH6aMGNsduPTTx8oy5s9zHo424nA6Z0zihjiYMHt/wDL8dz2wYOAoHTFWcDpnSOnE4DqJQ4j29/nmy67A23szI98EYEajo5I1Cq8KtHBGDiOOR+BsngeRox49FfKWSwrMuS2e+BI4EKRQIxMGNsbtDRM4omKBP3+d/mUPLWNnskQrbIVYI1igKJj0JnEmcSX2prvXa/kpI9xpkoMcTBCDbppFWkYMei/GzMEiXkaJD7cdr+SayOI4s+4aYqmymkUcegt8mcsaMFnvL3kND3SP5/nAhiJfKYOJwOBFY9R9jfh+2PJJZGIS2/ndn8Z8P5VL0H25H2S2fvImzHlIQ1lZ2Ytk8fLr0G9lu937DY4+CRYxMW3un6GDHzOR747Hs92Tjhv2ktovb2GY7MbOPyq787Ld9zGPySRglDbONvB43Rgx8v5M9y3z2PdkjJIfk8xbgpHHB5M7o9hDZkzv4+RW+NsGN87Psez2ZND8nEkiLMZJRMHE47YMMwcd8/JLufbjfG2RoyORnJgaOJKoyz3GZ2x2Jje8Kp2EdERoih1RJUIlBx+MXc+7Gz3Y+5oaJLBga7MGBJHscSjSZOMYKTwStih3xFbFjWSdeH8Yux7pee1ktmtme5gwYJxXY9l7vbidNt06ZRJSSLNVglbOw4NnTOmRzFtZ+KcsEZZ2js98jkhzSFNMz2vsfa/eXsvJga2YmL8qK/EYKI5mptF5IxFWND2S+K1Lwae0yKfnJyHMdhK0drR1skb+LjcmushWJmd3s+1k0MWzEYMFVZWiUic8D+5wiVVeMExsRH2+JtrViw6bIS5RtbjJageoHeK46iZyMHTEsGTKFZIVgpDZkkLtZKJ7bM9hEYeYIyPyX/AI11qSVWBZiNlnsIrXj4qUFNRi6nYuSnDi2Ze2DiyNchVHDB4HFHBCSPB4QmSI9mDiNEl59m0YERWzkJmo9ozcRaqYtRyEOOSawQWReF8XjayGSdY47ZI3pEb4HNb4MdvHwjHa0SiSiNfYkxLyhnE9izyQXnpo6RHwLyXRwV/lJ/GyyYyrIjgxwY4sZgVmCFiObOqxWo5I5IzkR7iW2DBjZkvbGRox4W38xROH2uXnBESHWVLzqSn8rH5+NiTicPPSJUn0qLNMOOHCHiVf3RpbOizhgSwIRgQ/HY9n2LeCJr7bVixNkGRZyK/bUSy6Sx+fjYEkYMGNpr7XRFyjXFElGJl5SZg6eTpiiYGNGN2MfdETJP7b15iIRCLZdPjGX3NfbCXv8AGwH2NEvbnOBzchCFstvbdmdsjY+9GfMn4vlkrIx5ONaiSswW2ZdMOTtfx8fxfa0OIomDpM6eBIS7G93s/QyR/K5/bP3rTbrr6cZzJSyRjya+yNr+OR/DHutpLyhCkxyyYx2t9jfotkPysZCjmV1RrLLsjeTiVQwWyG8v42HuxsyZ2yJkllPwKR1BGM7tjez9RkSRCTiStbHyZGDIwJPiWz+Ph7SY9s7raaPOYsWXt7DmcjlnZsyZ9JmdoIUTihRG8K6fx69xj2yZMkWIwSgRrQ4YG/HLub9N71i2csFlpKXJi+NgYMEkMZkyRkQe8ViT9prG787Z2Y/RfZD25krUid5KTluvjY7y2wNDEyDF2T95bMYjI3uvQe6kSsHnfBj45LwZGYMEkPaqRF7ZM+Jbvb+MeGjHrY2wYMfH8vEpnM5nMc/DkPySZU/viIZn+23mIx7LZr/TwYMfGuROR1CWpwfVM+pZ1kxzJWGnrecC2z9ox7+URQ+5+ovkJQyWQmSrnIWkmyWllBKGTos6DK9L5hDj2tjOnk4GDGzfc+xegvlJrMVHAkRgJbsfe9mL/RXyriheHyORkyZ2Yntntfa+196F8q/fJkyKZkycjO2dk98+f5e79VbY+UayPZmTkchSMmezPY/SfahfLzG9mxtGRW4I28iL3YmL0Hu+9C+YspRwZxOJwciOlFRE6bT3Xvs916qF8wlkdSOkjpHAaMGBjGxMTGMey2Y933ISF8wpCZlGRsbMjeR+SW2SL2e62e7M9qEL5mf2tWGTI2ZM7MbJDI+2zELZ7Mz3ISF2Z+VayvxfIyZMmTO2SWyGz3MdmRjfehC+amvOMduT+H2/xu2ZG/QQvWjFyfQmdCZjHoRSb+m8eullqjI1h+tP8hj7cGOyqtWSt0fTg2ZGzPYlylf/AE7pUlVbtsv0sKIpC3hprJqemsh3qPJzqlDen9dc5dbURzH6eYq25SplFJZOhInXKBGLk/p5Ef1CokOmS3hXKRKmSOhIVMmum+fQlsqZEqpREsnQkVLEJfkqZDpeIx5N0yR0JCqkzpSy6ZYVTalBxEsnQY4uO04ttaWRbVKshVO0+jmTg4OOkmyOmnJ26d1x2hpp2qejmlH8tZ/i52Wgtat0FsI06ad5/wCbeivS2Wn/AJ1yd9Or6MYuTo011Jfp7oFVErR6S2J9DPH4St1anVoW3XqoqN4ot9kJcZWzct6f1QqanfYmtP8Arn+279WmXm6M5SxmvTrxbJ9ReYUrNmoZQ8xsWJj+yupvnf8Ajpy79i/VUsztUmVr7Ko/fc/ureYS/JylONSahL8m/tja0VPNlzK3mDk+pb+FK+1xlztX2FKNU2rrtT1YxXT09Mn1tXH+3o/x1FjVs/uoK1zt1MZdHRwsgtUuOq1v+IKTUrbL9VTpIyjpufS1GpX1Gj/p0M6iy12ajW/4n9Mhmevk3fpXz01a4arVy4UaCTa1i/v1V87HbDTKUnJpOTrr6cd66MFs+ctqf1y9zT/rlHN1369O/N3KMk5taf8AGxf3Evspf36hFC8WvNhL7q6V/cv/AB05cvvxiFLxO7InORQ/Ny++pYgl/dteI1/hL8n+BT+dxV+D/Oz8Kvxm2pfdgpL4ZdlMoJPq6alZu1cv7ej/AB1X7v8A5iqShdquXRVt03Ln1td/hmhip6r+pWzrhos/TW/t/plvOmyH0lEV92s/xf6bLD10f7+kXHTRfLV639GgNb++iE5W3RnGZRVxW8fyu/XXVzUlxlF4f1DJz5bQm4N3s67xn7uuStclGTg3eRuaJSy+t4dz3jY4kbOUr/xjLi3cK5pN5auY7BPD6wrWOeX1hWs6nnrDeSNnFOzKjZxTll9UUsPqkp8tk8HVJy5pc6j6zi52uxrWOKu1HVS1zUbLFOeSrXTrT/qJXqenN/1WTJZtso01qnKfKL1t2md93Xnpr3p536l6gos6T/8AQkzm+p9byVmrlYqr+kPWuSqvdLtv6ypu6Errnc6Kts9kbZRXXZ7/AOpBxiSnCS/3J1RmT0skNTiczmZOWyjKRHSWSIaGKI1xhvq0nDGyF6VVXOXsNjfzTSY6K2fS1H0lR9NUKmtGEu1mqmZ8i9KMeThFRTJMcv8AhbH41EvuExeivLqr4IkyT/4a72t/IQvRp/YMkPb/xAAjEQACAQMEAwEBAQAAAAAAAAAAARECEBIgITBAAzFQQRNg/9oACAEDAQE/Af8ADQYmJBHxkjEjQx/DSEiNTH8KlSRwsfwaPXG7PvIXEx/BXG0R8Cn1xxrYqGz+THQ11kLkenEVFpdv59VC0ToWh2dkhDEhWjrUVDJtBHA1aBWbhk9qhmJBkxVTwMaErxJHao96MYKaDGz4f0Q7Zdfx2i1KGyeP9u9uxRtZECGj1aOSp9dexaZPYlyNx2KFvZCsxlHvjkns0eiLIQ7UL4tFcGaM2Jslk2S+OhfM8blfMpqhlLyII0zwLu07IyJvNp1rvUPifwvH715LStybyu4nAmzJsycGTRJmxuSTJjbNxPYl+x1OSmpzDKkvw9I/p204EyNhpwfgthjdolCWwqWQ3sNOSHkbyeSv872bMzMyJd1q8lcE/ERSLQxub//EACQRAAIBAwQDAAMBAAAAAAAAAAERABAgMAIhQFASMUEDE2Bh/9oACAECAQE/Af4Zxx9Q55R2DpSY7x0RMeIdDqO+MUHPOMdCcYj6A+8bwEgT9gg1A8c0WIWuHVE4hTz4ptUV4sJpp3hh5GrTRUccd4NoG0VVx9Yjp4zxiwOOo25er1Vxuhx/Iarj67Hl+cs3e8wHIcNzyAPkGhqKHIBQ8c3nK+RqDnjEJtEP5c9aoqHtz3SwLAb0bTYjaZpqoqGKioooqqIRRRRRQqICLeIU8YIohUjef5ABCAmIDPZn66CgxfbzcRDHARQwVcJhMY9wER7T5PxaPvOUUVgE1C78Wh9L8ht0wBCv/8QAMBAAAgECAwcCBgIDAQAAAAAAAAERAiEQEjEgIjJAQVFgUHEDMGFwgZETgCMzQmL/2gAIAQEABj8C9Kj+iuhp4lpsWWF2W8Ba5Xu/Am+VllifX78pBfwO9maGnJ38C0LWLxykeS3+/E+NWxnxKftjbZ1xttWRvF0aFvEpr0IWGvh9sbImrXC3i0L1vU15efALljeRuz82fXbn0+TrzdvWrmprz1/WupapGnOR6vbBdzQZrJpyr2XVhPqyatzU7ML1i2nO3xnxO+xHrMmnMT9l9fF7f2vnw6xoaM0JjYv4m/7bSjrhwnCbxZff+fGIf2BhGhoX+RdwcXI8XOxmyjqzfIS7jrzzGCop6nHvdtmYNP1twXxRraSToOnqS4LF4WELD8Ydjvs9CbGXHthbC4zsdyFsRs9C+Fi7SLm6WqRdE2GtIJxnRfUlRUIqxmpqj3M1qvYeSLdy+X9lSoy2tqa0/sf8lc0ohXY3NFM9zPXvfUeWLdxGqL9CKdRz3HG1JDUYozVGVYP3GNltC/YbHikMeHti8PxgoIZV9MEM4S4yTvgtiScZwypFuiE56kjIT0PxhTT3Zl+GNfEwrwTRlXwX7lNNauTT0qHl6qUZulKkdc9bFfsVVdiOiQs3sJdqhwVJjFTOpkpuxt9SEfXYzVFsUPFoY0a2G5cDHimMeDEIeH4wTRZj2LYPYW1fTBlzN/yW6oSI7jGfjChvuTQ/0RTU5Irc1JleCzFORxJTn1K/cyP/AJPi/wDtwhFfsV0nuL9ifevCs/BudDf64S9dhSMZBMScKOFLGyNESrF0Roixpc7kxBvKSFbGNRKIESaHcnQvcsoJNMJ0NMJhGhoaGhBMGhJpsaEdD/Hp2P8AUlUTUWoRwpfUjKhtJL2wh7xufDSfcdbpVbfcj+OkbpoieiFVwwXpTY1WlVJmyKn2MyUilJQTlVXucCM9O77G/QmRwo4UyHQhwtS9K9zuToZntRqWSXKy9S/O3N03ltWTNDecm6uR+nrtzhRwnCcJwotycEeLfXxZbX//xAArEAACAgICAgICAwACAgMAAAAAAREhEDFBUWFxIFCBoTCRsUBgwfDR4fH/2gAIAQEAAT8h+pgOPzySGPREqiy8k9bRyD2LsaIkQ7GsKCBv46N/fSOWqkfIaBYQHEm7RI6ZTZURj3i08QNkEDFE3oQ9LD+M/CSYuF9qhMPtJNiHwbeJxzjZFjEL4JeCLGkjbG0tGzS/4pLfn7TQWbUk8995afsdjpk/BBJLGfBIorIVtnhIYg/A9SOQ7HXxSp4j4cfZwWyWWrKmCahnBNQKH7KPCdiO1DVwW0O9irYXgNJsaFofgEPlirKJt0hEIdq0OOPjw8Lz8XpZ4+ugQlkbGckd0aFHlsSjWeQk0j0tCHZCT6xPqX9kuxUvkV+RVt+oV96IClh5jGvmWd/WvRrBhFlexqUIPCD+BK9zI0WnSIdiiQGKW8NdkFIkd0iCdESB1NDlD6IaHjZr46EpZpmnlU/rXao24gaqeI6NKcjGMYDYSRcCxRZGh1j1jc4ZuEIqwvC0OL9l05Hsa5Y9HBr4HnlQJuNopof1/ot8jWoGKcoPQeiHg3xBKV4SK0IxhnPxm1F//YvPInmbDpPRub1wiRzBt4KHGIGhfByM5k2OmT9e9NkihzFnsPF/YbuP2bMvlikNG9fBmxrg08UHJOYJMbOmkXhwLJBstnQMu3gcG0JcMTS6EsSMO/f2MEvBF7Q0EotCTZGIG4xyRdZ6o5H4PZAzL+TO0e2/IxvyUbwlodISkeUTYrY9ich6NeEJGJn7OwSs0MXxTBIjijQYdPOrG6INbo2jogcocsHm+j2A4UhGxsOGvJ0Tbw/uEZdYl1kzU8nJKUDbgmpDJC15Q8qVvBIxhahFeQXs1hLrD8EWJ1ZB6HFfZxRLLwhvChyLwJEjQx4JbQ0I0iORuCraZBidGmWCvC+S2XgumdBpEvs2Rf25QMNi1OWHbxxJtY1gRYto4OGTpsaNDRsWVCkyjTNLLCTmy5Gp2hq6HKIqcR9etUUF2EawtjQkvLGx0TNmhEjhFjUdioRL5Jh7Q4lVI3aGU2SWiWnKJIPYuw1anAli9lOSJWpH+iYVh/CPrcVg1hRD2aVG2HXOeYLENjpMRtqSG0Kk6Y4vwe44XsiomZWDqNhX7LIgUr+hSvQ5aI4Y5Xk/b5aJ+s84XwaGxO9EyW2Oi6oozktaJHJBIh0PkLM6RvycwoJ4bHh1ohtM4Fioo9rJnaIndLA3ZDGlh2J9CblOjH+hvdfWVxyKfgY8KiD/ANWLN5FdoZUEnBF6In47NpMcGQPwy1Qq9EJ62XmNjZjyd8DTbtEmlWxsagog/oiXRuxK5ZzsexS9oZV9WsXZBpY2PY1xkNDNDU2yjopzMjEci6KkBMU9jDA01+Bw9UaplPQnNDRY7BP9Ckp/YoaYjL0FPgT3seW68CBTDziEon9VNTYi6HbGvF9E0PsgsiUlYPVmiaGRXsmTbIgsJEQaH+mVtov+QguoIqEk1WxJ0UQLK+SS5YkXI3cXWTspISBNki+qa6Fum8EKDFNDWY5IORMRskUpjar9jVLg/I3oCxNlGzmbI2TPgkaLg4VjpKhOd4WUmiKrllHKG7bL64LInsu1A3YgXQ5IiNjOVn9ptMqrN8iLt9VCWb/XZHQydsgXZP7HtUzvOaXraLUmKGAVUJHJMDFvJNtiXycApLQ5oI8YbUQTkmcB3gmXBRs0jsWVjQIpocUKxDsr1YibJdYHvFF2vq44sneyutSMa1/RNMgYrF0E3yNeBs2FLI2GnLxJK9C6LBBPRc8hbgUfkaHL8DRkaglEMKUyGyapZomUjSXVhDaKaex6IBKJCRrfWNGRArgXYYgqauM6gSDYyXBLkSFRJbESXRsJJXyMaoijb5IBLVFB8kTKtCJO2OsFLFu5Iqsjs4RWJGsWo+tvlDtG+sZIWEfJJD9VPs5EPyWSx4Yl7/qP7r2J/J5pFJWiKWFhEClMmxYe3gthxk7WBbE7HYlRaYqaYkmc6RDkzFBJX65wJUEtjmI8iWTPREnAbCOakrbNDQeWiDoT2O4cBHZ4KgkYuDo1laiiEMQm4FbKhSb4wAqhvFBOoWE/rzWWKZvhoOnQrEyIq/sV05ZIyVIWZcSCj0L6FAeoX9kj2KhyTLwecOCWbYn0J8st+cMzYxZKsceS6QkxhSNDz9d1xdm6NYLxJjkOUxG9iLkgkKxaI8CWw9EPkoMT0PoMGkbgnstsRoS5GifAqF2QuJbCoSEs7CdMFYtIho2/sK6EcHBOmJmxKE7pC38E1skZJoau9DxINzvJVgzZBFiHWiRh5MFB23FBLksNjrHhoIqH5JfrklmhsUODQw1UkUhEJDoI6iiPCVioFSkbkehuiCT8j0Tgm8rYyxDID/AkEPZpVnEGOKaENIuy4+uWRVFgxoNqRWOHAW+BFWJm4JC5DZrggGjZRicsYxscnOeTkehVCKtvwPItEEJCMmCRontkVpEjhfXrGJsycG5Z+SpwdZUdgrBD7JgXD5EmclFmDDY7OMTjnDpG1igh9kgjokEoUUcky7F9akwJSqbxoSUK4WjSqwRMj1pmzoQyJwx2OlZMKiaOJOA0T8INZbosdYWhCkJQUlsfgQj6xOTYZdF4OIMQPFwbR6hiSHDRyScmBtJwRTwmDdnBx8WHhOx4FUcgdY0vCQgvrNS0TCLojgdyLWN147rK0WYS6w8MYaRtHwEhfDWHo2NjkhUDnoZtjRAggl9ZzguVsYsXY4LBuNuS2CvFGcpdSPXnDjl4WwdiOxZmCce8MZOOw18FH1umKMCR7GiGUkCMFghIlDwNROKFZ6PYCShyNg1gtwRD2bIci0cfF4YjY8pV9eGQohopyK8iXSFzISOxIh6HJeTVDwhuVA4OcWRQyxfBQUtvZ1GLRF0PFMNjy3fyU/0YyPrPFMTfL1kps9UOqTE+nkFsiCYHDtiJoSRrYqyo+hMKjuN0OhOSBmw8cCOLHoed45xWNs9fYQLwLM6pENtFGNYSJHo4RsbaNlFRuXgm2OycNnkeWMeeMciHGWvsHeQNSqFWRqzqJiIgY2OhxA6RKh9k0UJoTNjOxPyMfwQojjHBH2NQ/wCxNtjZW2TKjXYmFAsPQ4jknockQ7GD3kocC1Q2H8GMfxQWTGp+xiFRq5GmimhmqpkglLqh+RmmWRtETbOJZYmDjL3jgeNhjygglCxFDFX2SciorEBG2OPIlhaVvD5JGxMTDo2h1jjHBsTjYbH8EWFhEUeB19ptDysT8DntiKdyyHA1Fh0+Ec0tEShqB4lY1Az4G8PQmN9Ds4JGTY/ghMo5xH2idhg8AkS0QQs6DpYsDwyzBMaGmE94KcGomXH8BMVCTjEfaQOBEXijh6RQsgCwEctWOimJ2h6G+8ucORxgw/kJiIo1h/aO+oai15rKkNjVgQWxUg24gbLCYLY2zSGgYfxQswR5ymftFxMc/vBdRtwNOdjKsMNjgNQ02xHBAj0wSjeOB9Biz+IaxxjRP8sfzx/wI/gQz1EjllycmkjcyGOYZF0QRJSDocjfwg/ksiVY/wBzpGt/PkI8Zp7jZoSH8oxG4Hb+Ij+RCE3C7E2UkSC6+EZjMfCMFlzwLw4IaGKWziT2TA7MvSeTcuPBYO2Q8vU7aBiiTbG/Rv6L/PhiJhfshiKfYiuaw9nv4OSm2RNYeNaGbe9wIQ2QF9tC/wD2C+RDyM9BDGizYorew2qrsgCOHiRKYMK4TyKZ08Z0ujyM9H/uYjIGiSJ9jSpr+8PK6eRJLteBjRZsq2h0SQ0z94cV/wBhGkeg3kPIil/oUG0LeDikIcGde9m9/sa8JSzyyHggSkstnJQSTr4NLpcna30adEGlfYyCQSZa8DOCASSdR4JKTs/VNh24WNaMaQi7/cH0HyJ0SeUiMpZUYrasQ1ycIXodNo/wGLRe0nL4ZtWF0ra0xslTEm5Wgk9dmzQL4MWmyOpvhaSJJybU9jT+RRqwKX1ClqDaPcRdxlIemNf2i8fCkd+4cg+GV7F2OBWtzJr94d/4NRXfxYtRaGLmikRsEnSLts/awdAkhlYuyD1CFzZ9jGvsckiHIbOV5gSXIvIOVciG/ggRf4C6+FoRKEIIJ7x2EvwD/wBpXQhbb5DcnWgMxbdV0Lerg1fLk/QGzYkmL6DmBHyVcknPj/5sThdWYvTf+LBLZrqi0xRawhl8P7GsblusaErzodXhrODm7ayM1sQlRLb+Gw1sV1l8Ez3c4/2HwG3hqE8hMmEQgDVdMd7mQKvBFflFxXXbyDUcoY/AfuGxZ+aFR6H5EhTDjmBxDDZ7ZUfaIGRTi+xitLJwk/eN/rH+Ge/1N4+nTGa2OU2eDaCHw2M0aC5CvgrkWpnbH742NZrCQd5qVYWX7dMdJZAmfqEn57QTOT20eXbs/a/6Tu0Vvf4Qm9ghEflTZikLoIw1J+z/AHNvwN4Qud7HvnYizs4PMVxJJ1E8mCefgg2T2ErUAldjtYrVpjyoTOY4mtp4JNVsiBLwYyk4hHDQp34BM6AcUKTK3gGIERs/YHQhr1cgjQry/AgUQa1CpDomyytRdubkikUkSauYvNSWKkJspF6KhIPiajoSkjqGuib2oyFRbcx1XS6wx5WyytWWhCy78nHNAnr6XRU4jasBWpRjACbI7pPJFMsDhsiuTkbJD0Er7pQyHzQkiiU2bG+ext6KGmV8eKJaW46Ee4vY1Rk00ORxFaXhLsOcSS517LxzWIsMbCsrEF1BUiav0OkP4dYJ5HD/AEA22l7f/EjpDuQcTWv+YtpfYrvJsxDg7HIdyRLZtl+DdwXk52CqlZgz2UYsy+U+CKsg3GgkkogLPutAkY3mKi4mh/qFqEvi0LCpBYLP+miYI/Yv0cj1pyJacDR/0coBIxpHFkvgu8SK4Fti79tjICYb/wCi7DfjY1F8FycD1n8ZN8f/2gAMAwEAAgADAAAAELeSeQ418z0x4mzjsvj2qvaX71YSeX3Rld4AAQHAPPPPPP8AV8X18P8ADDDLO6Ge7z+3m5Jp54/IGSfsLAXE0jBQ84U8ndBhX7PrfHme2P6OayC8DGdy5WhjYy4G7bnAMHnQIAAAfp5BLHjTjzDb/wD3/wAMf0DZpTCnh/O8tBHT+Ndca9oAAAAtUVt9ssNNef8A7bDH/wC83kS8HjTp9OM9Q/KTUmlK5OJEPB70a+x42z71435urjz7z7d/T7Xx8WylLq79Ic8wAAIADEx7VY/yw/xyX7/Y/v8Aek8xTcK/HNdihC5wSAu3pAMQAAA8umsMsPet++tdvftf/wB/4a7N44ryT/Ew4lvubHexarHADXj7TVl9X31BvDb1f5lLIhOP+Cc06fdItZ7nodkUYbhPH/XBBJdp517Xzfl/jbLjw5iI6/L5v4GI8OIl7lg900tP/n/TDhdl91hvl9V9VLhNB995A5ikRR3kCGE+Vkawc5by9VprfBpfvtd5V5dpJJxRxQVr1tU9Y/1HXbg7k3c62cIzr/Hj7/n/AF9fTfXewQQQQQTZnXQbjft4DUiiU/C+IB7AAi/1eUff7+160+976+QQ9ffWGteTDzudPTbvnnm2kTITQB64cc6fya1w36+10www8+41HtSICdCJP/QzL34isF7p/p6yw/7v45/OPNOn1yw09ug/LXm24oF/oFR5/wDc5AU238Leuu/4b9craJ5SitUkJf8AKWJzi8eVKrdBv8lbr71r2yeCzXHHq+K4G+uyeqrWCAcsIaooPR58/Y4WFyhjTRjW+8yMD5AcksGoUaWm+2hmKCWuOOg9cB8x6cb96yf8dz41XnLyBJa8YscAMosU+6qSCCW+P/M9D9UnXcKfUvnuBVv/AE+uQzgbbHPHAPOPNPouUAgVvnvjHbs6FFyicb0jWufJ7Zo1wxW363070vkjn/moWMIDDBCjh4E8vlUo94VlDxqlTz0hsw5z5y93929zmZHPLDPuosssMtTR9vRm/YWw9F2Jn9a4s8xWZ079/wDu8vPc/G1zHFf/AP8Avuk4qA6fsa5kVjH8evzLg6w8x+/9urtLEtg3/wDf/wBDDX//AP8ArUBwD8bqyK1pFJlMHXEf8fEWXGecKXwNaa8vmc/O8MPOHq50P85tQfCX3bbOx/8AFftuFe2E2RrMu1p3xhdtl9HmGNH9Ndr90xfZAvIR+GVO/gCAqVZ5J9xwj3JnjBxFbdpzJrplEUt6LlaUv2KjDcgypBp1v7rzbt9t+IWO+v8A93/8/wAMMMJmQg2K/kUwK8KS4cx+sP8ALDVldl7z7L+naz1/rTTDDDLDJDD3r3LBrNcr7Yz/AP/EAB8RAQEBAQADAQADAQAAAAAAAAEAERAhMUAgMEFQUf/aAAgBAwEBPxD7s/wj85yLhurM/wATOJTHPFnOv8A7pxMdeF/xHxk/eW8Bmz+AdJ94yZb+8mHmDh+4fH8BwQx4nCyzLPq9TmcfzknBZbw4/ab06QbZMfE5JZ+Hq+Xvfm8m8TP2MdwjM9Gx75tC0sX3Y+X35bbbEO2/sYWTrCeGEAa3lHzh9PCoVjUXIs/CHJiDI5gUsi359zGROCwfUMEizh0ccODOkfVUHxLYPu81peF4sQHDmcYPNiT0kei36A12OMg9wkB4/wABasFiePoGI4YtLS8DCIU9fwPmyebOfONBDIgsvUjI/wCIT3Ycf0cyIcz5ttd4sjemTTHHj+XmJc6vmD5z/SFGlrg2bYr1myzrxsss+cvFvB4lHkKZm2Fpafhnj+DmfQ/N63mGHx+M6zx/L9XhO7D+GZ4y9OP1JtZt5VGhDbbwsvGW2Pwz85Z8iwy1aeeuN42Zlt4I+3cxi3j+dlPCD/DN4k4zLPEelgcjnmzf0923h8DvSfGhJbZeMvpkBt/dbBmIQktThZpsMUQBIUC8Q/us8ePzvPcEsySgTjhg+OW1LwXsyVDEyIyYxZiEFq/ty/qfcB23LW2+Z7H5w4Tr/E9v0eky89//xAAfEQADAAIDAQEBAQAAAAAAAAAAAREQISAxQDBQQVH/2gAIAQIBAT8Q8j+V/CfM8aZUX8BvhRlsVneCn4Dy3MDEzRiwT97RCQ6GyYvFP8JbBEzR8VwXufYsXkhM2QxYZfWzsy5XGlGZDIIft7iZvKiGmKiZco7TF0vn2dJhCEOsPg4mJ8L0i9hLIu0V5egxFyYmHxIRRCRRKrHriKRsvm/shCQiRA8Vw8rI2N0pYN0PeI43xQdQinSWhuijaLxQjthjQJjW8TzrQ0IoUhuDD+NLcCbP5zUvgbUHi47Y0x8LykLEhbfo3eGVYsNiD5oZdZkr524sGGy4R0P6bBl8z6hrJrBdnX4LMElSG8772VD2OEOsPV80XC+fvITf0SkNNiaw3wfJey4/uGNeClLilKUpS5uaXNKUpRd0Twx/FZfClKUpSlKUpSlKUpSlKUpR7wQiI5TExBj4UpSlzcUpS/ejYtkxPxjo8IXFIWGP4RkfFsu/gmfX3JyuEiYRrsjao8aOCRF1h0nRpRD2hJElWJYRYQhaIrBJWLS4pIiGGgiUg7kG2hOg5KJdGWqRKyBYmhBEkmiIoiIm2Gk2yQD3tn+GaLsafY6QypobVozTUKiq3FTaHoVC6hYzVooOEM1Ji4QhiJyk2iDbEtkPZKQlsqNGIbE1NCU2ImmRqaEds1obb+b395zRZtWyDHxqrEp+Ij1Hw7CkTP8A/8QAJhABAQEAAgIDAQEBAAIDAQAAAREAITEQQSBRYTBxgZGhQLHwwf/aAAgBAQABPxDweJ4un8DTTTdeTyeDxNMmnwTymTd/WHjeCMr6g96RyE+8AOMM4Ppx/uH33I5AYj0mDRkUMRffGaEMk4e8BDwO5+EuQ/7hH7uHMz3VdPAK5D2H/NfQhl+vgFzxxjnzP6Hk8z5z5TweZofzngzkHbpN+i4KUquRB1MXXs/6ZUk6cgj3mmnvs144L1hpV09GUUx45GjkoM1bqEbleHnAnKYA0GYD0BuEnh3MkjBguXAHwDcDjdvOuBcth2HOkP5nxPB4DweTHyPE+Jpj4nfwcqWQz+2GoQHj6zkffOCb0HEp04Wp6+sk46yjPvL0wKU9YTsx1dMFZJqceAYSV0XnPdhmeOcPF0awCv26KwBLy88a+bvU18GWk9ZlHpHT+h5OvA40x8D5zHiY8mmnieE8TTy4FN0/J+Oetz1+2UNew5NDkmAUvHTE/CZYaysw8imA9OG3deW4KAvLkk4P7hgqDgWbMsKjgNEw9Vl+8vVYZHt+5HJF+jU50YnAa+QrM98aifXhQD4PD/F68TxPifE8h5DwaYPMfJ4MeDxPhMxahm6+DJkTQ5JyX0OgIyCnY5CPQxVEyLiHLQjhoKF33TLImJgQjkpCZkvE/coCNILcKwBvpfq4ZA/DLnP2uR5W/bl0IO3HoePvyMJpXjLAPDHjpnvjdoHj0m5Junw+U3ryfyPE+J5OP4h4NMaaT4DbtzhyNRHm8lyWtLchNxj70rcUe8DNLkHfO5UkyJyP+mCA9ew1FywIC4ko4Aqdbpjj7zZU/DkQEDjdbvoaR4q7X05PlXr0M29e0NMXlejDZML195DUIeI94brGG6pe/gFWeje97won0U3u54cDj46fmHyP4mD+M/hNM4uM1hz0GRA7ixw6xSEXMcOPOFcy1HcYTPqZ0BT80xFnu40I6fjD6xiATQ6JjSxc0It6/NEJu3AEbq7YEuPHB+4eKr7yEVXJVLNzOgy8fb6wnH1ozKgNIV71wXJPApY98OVzA0m4BtMkpnLkc6Q+R4MfAPiY0uDwfCY+AeJg+Nx14Kgsq/mlAcxUL0npyiSfmdMZe6a2AG/JkCDXFOFwy9vQdY1wU+5iRwuiBgAcOBc9YckMokxTgYUK95nNxesNUewuPhHX0Fvbhoz+DUi8rnc+IB0fbrSCud2pjwhhiNEXPRznA7dwIYLo0PrUFWcR+j9NB2GEUe8jDJ4rJ/Ux3pjz3jTTHwnzDBpvfh60bizOS8rnPYHajp10usm3/bFef+mA2s/cviKT8w4qH7r6uc9QhpICYDswA6x32aC885ar3g5yKKOKhXQTq40vlyCkFe8QGB9LmIKezXzAFbk+jY5ZA4ioQEMUGC9c1bniGkt7ySflcjcD3qiM50tYArCJCc6kHKSL/E+J4PmfA8GnwDTzPjOfKL+ZxEuYwH7u5ZQ6vJkDEfaRgUM/YmcqLgCAuNgdZh50HyRwHVcvRMpeDLmM1OC84LXWVotHfUJhKuSgQO5hEfRa71u00gT/AK4jCpXIMQGEvDZxpUF9Z9PRiBMiczLyffOKgcZBCwzfuTf6A31AjncBenUSIPWsaZ9wyQ/lMeLhvg+E0unxngxk8THg+E08TTw+EplCWP0yyjqQn/MqKbrYasqnAyJqluRSZRzHhqlrEZxcgU3MOjIj9NwDjFlcC50YlUiKmbs8YxnuNI815YRejC8JqQHOIj9EyK+jvPr2OeVXMS93hzNuoAWNmUtWP0MC4aenDMjsTPH8zyfM60x38TejyeDyeXJg+KaeKBTDHGF8CLqcvsyErlJu5xzkVz3hcE5w4Mhyxin/AK5HcASUrvWhwpknER9YFPrMTs703EFjNO9QKbnHSyfprchETD+ztyGH23d+ThqGDOWcni5RGvPdxxRFuEfPemnk49XPxM4x/A8mTT4TB/F0+XaaRMOHEpMDszwK6kjdxWv6anVyWI0WnRr9TLjLuHDmAqcmFbScTncwfc0H7e9zaXrGSGVfPJM69A1QcoV7dRTrKIOTCtCeu5WefvKwmUYuq3A54wpUX6yvSYBcrmGjnPT38LOnLe/4G96eDTGDGmceDHk8H9J5NNMHJjgfeeAmFT1imbuSZDeOTJiXMUtuB+ncrecdlMho5TisufUDh3OirugYe5lE4fvvUX/oPtxcJhhk8NTNVI64nXaZDm6wLB7MACHKaIo83gyDUecyo9PTkmaCYAjO+zFLGOR0z9zEiiUmTmnOuFSaTzB+8dVy8B8Fvg8T+IfE8HwMfI896eD5GQneEzqvs30x1OKbkeQXB13n5U/6YJjdlzefaZOuHRw9e8ijA3SD0ZVbAlwrR49bjBeHEBvM5/NECHJuf6DmqXL9AswLvSYbYycmRIGHtci7vFf3FQLQyVApkQ9ZMHLSREP3A/L0ZU2J+ZQ0l70QYEOJlJBTp+zP1lHg0vXg0w/G+D5hp8jT4Gnk+E8zyUDgpyOC8HIQrhBLnlwVcQPc1rhIOjvIzrVDvcXBlqalRA9u4GmdBgjAZ7w5az9yR+ziagB7biKReO9BAtGOcAOHh3HkMSop6crHgqZYkvTl4LY4B3mYNHKeZjUy+CpudANRQeujPQEHsya585TMD7NXXY+8lKbqi3nV4MaseJg0+Jpjn4nxPEx8jxHTweevM0wwQyMA82ZacmRJ1/mAtuFQLzgC9PZuCCq4rFwuFoDB1s7+uMW46zUhiz6zIpc16/zEXYY0CH2ZzT8MwIriB0g+/WCKh6OeR7Dk3oH0mD3QesyuFn1iHAzA7sGVAesILT2MBKEd3JVnHb94gRj1cq2DIeRcU996vVwL31o73kVha+Z4PgfIM/E+B5ngMfAPE+XrGMbhO8lnipwd5S577yDcjSODLHoclvK4/wDh6uWo4OEzaveUKS1uIIcB7xAji8uQx7zrquS44yEHoO8U5Zlm6VaJzgoWJlkR9EcNhQR3EJPxy88QVEHAFUQ1Aqx6zz2VMblgN93V6KHWJXM/M04H/mmXfrmC1/WQ44UhtNaeahvqmieTGnwDHg/+CeZ4mnieHyY56xUBuweNQOzBegxaS6oCS/Tg9CX9y8ycYQqP/MKpH/ci1KntwMWBH3mtKf7n2U5eZkyVB+nUl+nICr/roanHXJiSZhKLoVYcHGU4TnFS8rhxiMfTBRQPYZaiFydH+GWsMfvNY9rN652mAU4CxzAVstxIpeCJmAhThykL9Oa5UD2BhASdAwBRiCnfq4ajTJItP0z8gm7LR+J8D4ng8F1+J8DwceZ4DxfMzg5B9uEhkRYsxVu4dGeKmDjR7d8aNYY4KjIc00ainHWUbyk5DAHghlUHMwYVRE/zcoclOpOGUmgiLjIOvrGXKB24XAMeeda55X1n4QYdv1nUCfbe8sssdPbkK1GQDXnkcknT+jEFAZQOGcmnUCUaNLz0MXZXswgDBWWDPoNrLi9Y5W6OxmDgxiP1MNI34TB4PB4PB5NN18jxPB/A508Tnw4HhMSYQwGEXPG47uaQXI3B9y5wa/ckGl/cLhmcKg6yNwJynPRqU8o8TKwnbw6mTlx6ffrnIVSs4DCiwmQ4S33u9KExVXPeHHF3kJ+3Qj1hoHLlXRXp4Dh9vxyGBEy2u8KRB2YkPN95GmkoPtgCcOQLj4nTcbAo4ZgYea4+5JkHASmjvzn8Awf0PBPic/CeHKwpptri1cuXGpf8un1MEIRrnoPvAi+SJubgB0slSP0MuAP3TK0rFAAmHgcWJcCE7ZKVNy12ZuHbiDr25KXg93UiuQWd/bkccvcPzOU7d7mzQJiqjx3kkeHjSZ27YVQjniHWXdjn8GI2fabtblGzdVV0IRrQDRyWFrEi5ldK5TPk8TGPlPBpgxfF8TwaeDwaY+Evk00weTIez05IAl8YKb8YYEPscsKLEIJGcvKZe8VJ21ltQ9vJnlvHmUzc1iRIv1kVD9BHTP8ARImf5f04Cc07ZleC470YY42R7c/3xkQiON9uWEc5JV70CMaoFjzh5oUj+YqqzCTKZosJDx+Z5vQdYUPSbrgwDFHMpVDIbMJ32Oddi976DXrSLli45193Pm5vFL5PJ5PJ4PgHg+R4mPgYP4tS1o8r4ehRhkZ7xttv1n/SxVOTJRz20ZQ+2kWcYKf8zCUX3dNAf5kSkDcCH6MGcGBBTl3WFXVyCvF/NbxhUAzCneOev+ZRVSsarbrtVOHGh6SZRpxgXPKlMNYrIYow05eV5cIWcGEAdVFzZrXxMsahCL05m1uZ7nXMY8roETjj5+vJ8L4PgfA6+Z5P5CxLguHXowixcA3FgnDfGBDj3MmvRjqh/TIKjf24Cy5Ax6Fxl45f8wAK5DcUhcdVr9u661ID086pwMajHnAZxdzr9c5SgQxFDu2cejCIk/cU8JghwvOSJiFHUnbJE9adccgcP0YeAmaxGdGJEeMQ9ZcRopfJr4NcaeUweDweAx4PB8TT4T4PycorI5Bns5zvBap8Nag3HZhygQNxkH63GTYvFG54LswarP68l3X1gozcQwnAcdT3lQ1hjqmns8u5Cs2C8bkvOMC4+nm6iTkeMNZ+5QTgcg4YqWbiB0e8UPoxjxpAJjeqyB4Qf8ctg8fznM/fa8mnkMfA8nk8nxPiY78Hfk8HyQnJjV6GoY1ImO0W4d47wnazm6swlozLoU5TgMyeSIzRB95vfYMWoYmBA91nAaUruDwap4TE5LV6xy1M3h1kLmTE9PcyzkzKXSd4ji9GQb7fvQkuhMGQcTm4qrkAYBnZmMdLTdS5CVzQuZmOKfgl8KVY4kN6D8B8kx5PJ8D5nieTS+A/k+av1qgYImdYAHGb6Bg/iwbU57uYIQc8UcTEzpjGAka55p7xMRByeD3iHguRIdMaZ9mZhgP2sxNT6MgBuIpe8WL0esz3ZgRKTN5mVakcs86ANyxyEDnGxeDtvVZ6MZjl0yiOQGEJmA7xCuVDGftW70Yvevl6+YHxNPJ5Of4Hi4xp8DzOPmI0zWvBMiuOdQGKqTE1uPIeDrJuK/B04JBs0hJgig1JvOp1c4lO+tS8s/cQVceaRygcQ+roIEwQqz9cugOcHQ/1xEvBpOyZqbuX03YOsIT7wA7dydMBV4EMgLsVwc7QuVucKl+t3AGLmIxxli6OvplWXHgx4uHyfE8ng8Hi+A8Gld1/G+DHwJGvpZqY8ufGbf3gtBzhm1mLkaEzKFz4gX9Fc2S5jQxqh49aBDiqAcZOEmkg1HrSPSb7aJ6HOvbxhzr3mqQM325XFMJq7G4eusmBd4kPbuUD210VWEwMLl1GxnqrCcllXGKLMIOCgLXIAhDn7YaB5cGMY+B46fIzyHk8nkx4PJ44f6zzAEBNaaXEAhgW5lhuK3scKu2vRw66uMgF6h7wnUermNpgweMQ8Bi9P5hKmBZXJwQOsgje2UQGlasDA8+sr/Gef9zzqXdImYMCC3ItmEHMybV6DlIXJEC4MRxqIA+spylTnKEdaAD1nb0w+DGHwY+R8THk8HwHwf39Vp7OMAjJxW4GGZ95SDnGhW4gMHrzruXZl6D8TK7M0MyZeB6yISEzmAO6khnUb3g2KZU5Z96QnGanOEDKqd5VrBXrwBF1PtloGeW9Yv2EaF53CbHXouVVLmCrKAcbjU3wYPiOPgGNMeJ854NMeDHg/kfDlk5wxwrXHPnAuqJmkgu4youOXXJKLlidzD2wJB+mvCTJ7a/eWyy6coc+jdUNOc0e5qBWzBeHXFtyEvvA/wCs9tLuEwDJ3giXLyoYMFykLjIM3MMLvrqjNMPAKglmAu89Gt1c44Prz7005x8TyPxHwY+QeQ+Jp85ecXuGedvHeQd5Ec5A45Mi3rK2twXjnInPvKsIvvLjUOyZ5v8AY1IP+XLcyjpZyl0kIyKdnDBZXBEMDQ1x3L3hpPWXnnDzj/hgcOoOMlxDvCi+tyKveJyvRlpNZqZAqYorC95kjnbjNXjB4j4DHxOvB8D5HwPBjvHyP4DaMhTNQ471T6OQPeU63QTKvOCLgQB1MU5TO3P44WPswCL1TKHk1FMJgCAH3lMDnOH06L1hktDnJU5zJDELgWnqcGJj2GYgGTmrlO3oxCzrHcBuB+4SmQwu9AuoI65UvFutMhMOPIY+PeP5mO/M8nwPlL5PIZMiUcntrmIjy8bm1lFcaH0zisyd29Nyjc0gGF4jHF7KuZ7A6rhB70FisPrBY4wc3jFb3N3rmazCy9uhEe3DAyKBc/U04Zbi9NYZgsoO+clC5RY9a5fXEzCPVVLclfFXvTxfEx8DHgzj4Hk8ng8h4P6HJzAQzVVm4PeaOus58H3zzcEo3OKnGE+NWzziTiPNxEnJ70X6S5LBC5lVuIczjId8vrMODNICOEB1u0MyTBq4CYP8NDi5IZm3jWN1trVBQzyAcFcuSLGB5mS+sCYIbhgNHDje8GHyY1/ma/E3XjvB4fieJp4EHRK6w80boEuFa9651zmKYOlmMMd0rnLPLN6cCZceX01eLqMATgYVDXdwPObxBu4S94LwGE92LlngFUyAhxgdu8oLEBXIResMO8vBlDNR3Z8VBQy9YDJfCZTjLDkyTrJOvJ4PgaeOtcfE1x/A1/rUpghucFyXXGkGvoyqZcSZj9A/ujomoCroYjjP57hLrtF9GghASI4OvAw4C/rqEXK+nIh9ncHjlzL3Lo11S8HOPKhDEQpDLQYYzjR73JLlT/N6JuhnCFuaIds0i/erTO4nOMFMxr2sPTj8Q6ee9MPkx8j4HxP6G9+JlWHaI/eDIDm7WbnRnHGBLh0yoHniAesETI5TnLzlhf8AcgEMytR0dMXI72aOLlQOw1XJnS3vDP1kGxpmdfWSpbuUtyr11o9nInOVz2nbgKucjhlMucqsuFjIPeq1ymaBq/k8ni48Hxn8DwfIx4P4GmNd600NDFG7xV4l084sU8jSdOTEU56wmISLrcDlhy4Xgf8ATC0OJl5esgcwvIe8nDnjtzKrNPJ/m6ylMwUNYt6wup2d6QclXMlZ+neteMwn3ndAzUGua83dVhmG0ZoL3giyCuBbpPOM2+TyeXzNNPhPAGhjHiaf3h5uuEI9JnEhcE4EOcsA59+r3rqh/dxpVO3BjwwJ2ZHWBvrAvBi4MmYCMg46gKxg+iLgJZkHbs6xIm7ephMVI6zwmQ0DmZRwCZiftyyrl7utMMPAJZeGl93JCGcNNMZPAeD4Hkx4vxPN8XV8XXXHkfhddfF8n/B0kkcQi8+jVwT93F4QgNO8q85GAieMdzMIZqNysjFJcRrpgF9Gg5k9Z/WY7c95Dxe+8kTXibgLN2GS54zVlyzjly1xzxcc6wUx9aHAN40DqafwNPBu/gPkw48XXXXxfF3s8Xxddcuuvi+Lrr4uJT363A8c+9CL/wAwp9MM/gzXADswsQMKN6zcdHJ5RZnXnrFNy+rnWtOTEKJz1m2Gi/sMcA+8cQdY7a4CPuaLHUFNbj7VymX24yKZakmGZFzIYKTnBw4LQ4MuUwx4PF8F15y4x8L5uNdddcOvi+L5uvOuvgdfN1111111510hjjH5TKXsxN5MrpMPMOsluhmAOs4memIZ4ovBlltMbg5Xm5oFlUyEmXpuFTHAueHM+EzQsy5XhpKZXLy5a47hgYOTedEZBmIHEyY8GuHXxfI6+B11w64dfjdfhdcbr5XDrrrr8L5QQSjm6fTWpExnjG+RWf8AjnnLGx4aLoaVcVHk/MEHLz3iVu4duMEQy9sCmI295eZcBqIw4zvHo87i6cvLOLjjvNK53LcrjC6ePBgI89Y5e0zW04wHcfTjy+TwPgcPm6/Hv4ni48XXOE+C86/O/EQznwyHrgTo7gMuTs0cDvBcZnyzN1Kd3Mn63NkBHKIXv3mCyBU08Kx7bkiUDMnfeQky+tkhk3vK5blxzg8Iqc4EL3qX/NZXvJx3hRE3Jr5HDh8jjyeJ8DPk+I/Funjm+E0xk8zOD4OLZ5xDpMoS3CDhmJSbm7E1EuBBgA+8vmuFKOd67lRyHPTCPRzn6biwBgsZ1rWWmcMC5Q7xJxk5decHOHOJesVJmwJ294gQ/wCb9CzQ7e/rL2b0XXzfB4N6+F8z5B4nwmDS4NNNPE8zTxNNNMGmmDJhA4Xe71Of3DHLVVF/TBBdHl94xhwoxL13udhoxqpciTA1mfTl0y1QwbWBkDfS94EBc8f3lXedHJy8YeOsYMWhRjMK9WYHkcM7wNfeYUC45MzTTTTJ4NNHTTTB4mmngNNMaOmmDTTTxPEdNNNNNNNMGmDTTTTTTO9BAMOsEh0TdgHOanXDp1NTtDF6cfp0nPLlzgHOm9BmYlxAzpm2zT9DQDXoE1lBoQXHwOcucl8BXnBHDHq4R5wFc/8ADQCp/wAylk7ydw0K+9yWM00+EwaOmDGnhNPBpk00wOmmmDTVppppppppppppppg8Jpg0000zIQyTRxmRJN2frLwesqEHDBkITAH7pUm6AaxquAFQcDAAuBeCRygBoqe8JdVyV8ObMGDC948nGHUMgNzwHeWPHPs4p6rnka5aTccjV000wYNMKO2hjcfvjlAdiTTBppg8Amm+w8GeVCndDTTBx4TTTTTBpppppiBMxXrCx/cG5/ty4NNPCYPCaeAaaeAiwrj1iQBHBjXGiODrIdpqQK4KAAYW8d5HMwCBzkivTID9ORsziLit8PrQmay53Jc8HJVdWeHLAAvVXQ5W6GEizX0Pbrh31INGYZ1y5BS3DYzUXrv3qrIBwaXnpuuea6aaY87xBrr9AdMKqkfsyu2lXCGlyFwfo+ScWfZqxntuDV7UcBBRAM8P1gtyhK6GO0ONYvtBzBpEiOCoBXX7V6ef8e+vTTC0h1rodAqVdZPv/wAsUlCXvBJGe8TLiHMwGw1Uz9uZQ+/DYKIBjlov04bYFMf+61Wwd1a6QHNepwIvLKQH1yrl1ByBOYxF5NwuwW3g1VfxNbcF6xcnh6Gvsm4eS+l0sJ4P5dAMELHESqYOJSKRWA4B9jRyswlZFJpABSrk0etcn25ZwxkT0qz4t9bTcUJuGjlIiqsA947pVxKd73qzTPLs/fb9Xw2V2caKqDVlpgFXe7t2cD57bJhXFFnA/OaTk+BBPhr2Pix4jQOzQsOKD0pmkAn5k26GDnTTEuI9OfmeU0wbh/hkTyjnAkBasnK2PNcImf8Aq5TnPAwldDRNz5X7mH20NbKcRHrKT4a4i6MAQYcrOUv3YSiC0MCppDxyIIHFFzSLLjYPqb/1Ma+9f/4wmaHHRI5Zgw8OEcid1DW0A6M6FRwusY7L0aLl7MIcHpwetnDI45SucelRRWaHYVy9pe5mZrUu5sYEjG59c4V9nlhUODnR/fg6/ZMqRJ5O84VcKiNcyW+033c86a0NWq9Uyja1dQ113eKOfv4o9cm54OlIwLeGBvN00Jku64usoGnJo7F7BhDDZ2HSJErCr7UPWcv0yv5jJLj19cNV1/AAx7Mv8OFMt8scdjs8jC/ZMjplSpdghTxGDJ5i00wVwAnHTHW4S6ab/wBPLNcriuAyrPp4uK3OMLoze0HTij05GAatxvuZMMbQze8JxGcLG/CRHSf1oIuQZgiOPvecmUjoq43d8P8AmZYLDMPvDBB4iZnIOMJEUK87gK4HN9CGQojkQ8Lo5+amKa6XXnnHxrmM13wcf9cOe+zhX7YGZF45zthM5e9NxZH+AUcIrSXXJcE9RzMHkEbunvYYeV/+9ZdAZSINXMjXL9jL02BgjQQPg2cKigIWKjI5i60VbQP/AO63BZ2b5H/jrgD019vfxmuW4fVnVXI3sBwVf58bw/yZUk7musveMLoq6Yd2wDGms+sXU1tjlgzKkFUphIAvHRwcB6A6S5iva4M+Sdgc5FXF15Nka96yJah0MCG9W8dmUDj7HpMhoY6XmadCW10siDrZ0f7fBKppuODN3RGdvjx3b0n2YTgPVcYCjtbXHD/jSzselOCmGrBnuROrkYfl9ZylVpa7iSWRsU3IF216JmPpD1iAm5FlDBHddxZ5j9siRJ9OTct9G4+NGhAD0NMVeDVLQ0ufQMBkduYuG9L1/wDBkwN+nNP6yz7QZcK+sQdXAyvrY13fjpNt9XJt/AI0DZh5K5jDzcpNLiXqo4SaxB1x4bnjnR1kuF9KVeMF7+8Ucth0McIXnbrxNCzNq16v+nFMb2Lli28HKhGRcZccDEuhzLliT3ppg1I+kbwf+SzF1Sq6YNPM5xppg0+AaaaeOaUXowwjORDCvP6XTBpp8J5PE8z4zTTTTR0zcE9BqSPHQTMuJg8jfS71hXOB/iLT2v73nm0JP8E8rzIynO54COF9aAp/1w+5cf8A3uteawnRl9LhcpWICCut+gyE9urpkQCAYw6XbvnnTn4TwHiY8TTTTxMHyDTT4TT4TTxPD8ppg/jMJB/0XXjMu2NRrp0Nu0ucZ/iHh8g7rqZGuTTHOBhAiYqk6zwwcURHEOOVwvTz2yrOhuOSrgbbgP8AHtgLvu6wM8THg+E+cwYwaeJpjBp5nmaaaaeJp8Jg8T+0+SeRcujhw1+3GxZ9VwikxDnDOdZVwt4MeVOkavG5FeA6McBVgYwiyrIFyKjvTeTFfB4MePWPJ8DweDwZ3rGP7vg+Hr4H9zPefgD6PB07ueHrPrdsOu7/ADjr49X/ADd2d//Z\"></p><p><br></p><p>El <a href=\"google.es\" target=\"_blank\">rechazo </a>a los Presupuestos esta semana en el Congreso tuvo dos protagonistas principales. Por una parte, PP y Ciudadanos, a quienes el PSOE se refiere como \"las derechas\" para dar cabida también a Vox. Por la otra, y ERC y PdeCAT, que cumplieron sus advertencias y presentaron sendas enmiendas a la totalidad porque el Gobierno no accedió a hablar de autodeterminación en la mesa de partidos que hasta la semana pasada negociaba con el Govern.</p><p>Estos dos bloques han tenido una clara presencia en la intervención de Sánchez este viernes. Ha criticado que en casi 9 meses él no ha podido contar con la \"lealtad no al Gobierno, sino al Estado\". \"No me los he encontrado a mi lado\" sobre Cataluña, ha dicho de PP y Ciudadanos, a los que ha acusado de \"bloquear\" en el Congreso numerosas iniciativas legislativas hasta contribuir finalmente a derribar la más importante, los Presupuestos.</p><p>La aversión de estos dos partidos al Gobierno terminó de confirmarse para Sánchez en la concentración de Colón del pasado 1o de febrero. \"Cuando la derecha se presenta en Colón, no está en una manifestación en contra del independentismo en Cataluña, está manifestando que hay que echar a Sánchez\". Entonces, ha dicho, \"el debate es otro\" , ha dicho Sánchez, que frente a la España que \"evidente que quieren la derecha y sus tres partidos\", ha apostado por \"una España inclusiva\".</p><iframe class=\"ql-video\" frameborder=\"0\" allowfullscreen=\"true\" src=\"https://www.youtube.com/embed/r3SzgiBwbX0?showinfo=0\"></iframe><p><br></p><h2>Se desvincula del Govern</h2><p><br></p><p>Sobre los independentistas,&nbsp;ha negado \"pactos ocultos\" ni dobles mensajes al Govern, porque, ha asegurado, \"han sabido siempre dónde estaba el Gobierno\", dentro de la legalidad. \"Fuera de la Constitución, nada; dentro, todo\", ha reiterado.</p><p>En un contexto en el que se prevé que en las generales haya un crecimiento del voto a la ultraderecha de Vox que, como ha ocurrido en Andalucía, podría dar el Gobierno a PP y Ciudadanos, Sánchez ha insistido en varias ocasiones, sin citar a ningún partido, en que \"lo que decidan los españoles, bien decidido está\".</p><p>En alusión al motivo de fondo que ha llevado al adelanto electoral, la exigencia de la autodeterminación por parte de los independentistas, que terminaron tumbado sus cuentas, Sánchez ha mantenido que el \"diálogo\" con ellos es la manera de encontrar una solución en Cataluña.</p><p>\"Nunca renunciaré al diálogo.&nbsp;Lo vamos a seguir haciendo siempre, siempre, siempre\", ha aseverado Sánchez, que se ha reafirmado en todo el camino recorrido sobre Cataluña desde que llegó al Gobierno. \"No soy amigo de mirar para otro lado. Para eso me pagan los españoles, para resolver los problemas\", ha dicho, antes de reprochar a PP y Ciudadanos que su planteamiento consista en \"negar la evidencia\" y en perpetuar un artícuo 155 en Cataluña que \"perpetuará la crisis política\".</p><p>Las elecciones del 28 de abril obligarán a hacer&nbsp;campaña electoral no sólo en plena Semana Santa, sino también durante el juicio contra el procés que empezó este martes en el Tribunal Supremo. Sobre si el proceso electoral afectará al juicio, Sánchez ha respondido que \"la justicia va por un lado y hace su trabajo y la política hace el suyo\" que es \"salir de este bloque al que han llevado los extremos\".</p><p>Las generales serán una forma de&nbsp;\"salir al campo, explicarse, dar la cara\", ha dicho Sánchez, que, sin embargo, no ha querido entrar en posibles pactos postelectorales o indicar si él vetará a alguna formación cuando llegue el momento de conformar una mayoría para llegar al Gobierno después del 28 de abril.</p><p>Ha propuesto dejar \"que primero hablen los españoles y [pactar] en función de cuáles sean las mayorías parlamentarias\".</p><p>\"Lo importante es no restar legitimidad a las mayorías parlamentarias\", ha dicho el presidente que ha dedicado buena parte de su intervención a criticar el \"bloqueo\" por motivos \"partidistas\" al que la oposición ha sometido a su Gobierno y los calificativos de \"golpista\" o \"presidente ilegítimo\" que ha recibido en estos casi nueve meses al frente del Ejecutivo.</p><p><br></p><p><br></p><h2>\"Me sorprende que me pongan a mí un cordón sanitario y no lo pongan a la ultraderecha\"</h2><p><br></p><p>A diferencia de Sánchez, el PP y Ciudadanos sí han dejado clara una línea roja incluso antes de convocarse las elecciones. Pablo Casado pidió esta semana un frente para que no se reedite un Gobierno socialista y Albert Rivera aseguró que su límite se llama Pedro Sánchez. \"A mí me sorprende que me pongan a mí un cordón sanitario y no lo pongan a la ultraderecha\", ha indicado el presidente del Gobierno.</p><p>De la misma manera que los partidos independentistas,&nbsp;ERC&nbsp;y&nbsp;PdeCAT, fueron claves para que el año pasado sumara apoyos suficientes para convertirse en presidente tras la moción de censura, su voto en contra de lo Presupuestos ha dado esta semana la puntilla a la legislatura.</p><p>Sánchez ha reafirmado su planteamiento de \"diálogo dentro de la legalidad\" y ha negado la teoría de pactos ocultos o cesiones desconocidas con los independentistas. A pesar del \"ruido, los insultos y absurdos debates infantiles\" de la oposición, \"el independentismo siempre ha sabido dónde estaba el Gobierno\", ha apuntado Sánchez, que ha subrayado que \"dentro de la Constitución, todo; fuera de la Constitución, nada\".</p><p>Así, ha recurrido al \"sarcasmo\" para preguntarse \"si también hubo pactos oscuros\" entre PP y Ciudadanos y ERC y PdeCAT esta semana en el Congreso, cuando votaron juntos para aprobar las enmiendas a la totalidad de sus Presupuestos.</p>', CONCAT(CURRENT_DATE - INTERVAL 2 DAY, ' 18:35:59')),
(11, 4, 1, 'Los niños de EEUU ven cinco veces más televisión que hace dos décadas', 'EL tiempo que los menores de dos años pasan frente a la pequeña pantalla pasó de la media hora de 1997 a las dos horas y media de 2014.', '<p>Hubo un tiempo no tan lejano en el que la televisión no era un estímulo tan poderoso para niños muy pequeños. Podían más las muñecas, los juegos de construcción, las cajas de música o un balón de fútbol. Hoy, es tan adictiva como las drogas de diseño, al menos en Estados Unidos, donde el tiempo delante de la pequeña pantalla se ha multiplicado por cinco en menores de dos años desde 1997, incluso en la era de los<em style=\"background-color: transparent;\">&nbsp;smartphones</em>, las tabletas y demás aparatos electrónicos.</p><p>De acuerdo a un estudio,<strong style=\"background-color: transparent;\">&nbsp;se ha pasado de la media hora de 1997 a las dos horas y media invertidas en 2014</strong>&nbsp;por el público infantil frente a sus programas favoritos en la tele. Los datos del informe, publicado por el&nbsp;<em style=\"background-color: transparent;\">JAMA Pediatrics</em>, provinieron de lo aportado por los propios padres.</p><p>En total, el tiempo dedicado a la pantalla, desde cualquier aparato, incrementó de la hora y media de 1997 a un espacio ligeramente superior a las tres horas de 2014, una tendencia que los expertos temen que pueda ir en aumento por la \"invasión tecnológica\" que sufren la mayoría de los hogares en países occidentales.</p><p>La buena noticia es que&nbsp;<strong style=\"background-color: transparent;\">las horas frente a la pantalla de niños de entre 3 y 5 años no varió en exceso,</strong>&nbsp;estable en torno a las 2 horas y media diarias. Fueron los más pequeños de la casa los que redujeron la distancia con respecto a sus hermanos mayores.</p><p>Esos excesos frente al televisor se han asociado en el pasado con problemas de aprendizaje y de tipo emocional para los niños, lo que desembocó en la recomendación de la Academia Americana de Pediatría de evitar las pantallas por completo por niños menores de 18 meses en 2016.</p><h3>La vida a través de una pantalla</h3><p>La autora del estudio, Weiwei Chen, profesora asistente de la Universidad Internacional de Florida, aseguró que tenía curiosidad como madre por saber cuánto tiempo \"pasan nuestros hijos hoy en día frente a teléfonos inteligentes, iPads, televisiones y todo tipo de pantallas\". El resultado ha sido demoledor.</p><p>El informe es un fiel reflejo del cambio en el estilo de vida de las familias y en la proliferación de las nuevas tecnologías. Antes solo se tenían en cuenta los videojuegos y los ordenadores junto con la televisión para medir estos comportamientos. Ahora, en la ecuación del tiempo frente a la pantalla están también los móviles, los&nbsp;<em style=\"background-color: transparent;\">iPad</em>&nbsp;y los libros electrónicos. Aún así, la tele domina.</p><p>Mucho ha tenido que ver el empuje de Silicon Valley y la infinita ambición de las plataformas de&nbsp;<em style=\"background-color: transparent;\">streaming&nbsp;</em>como Netflix, Amazon o Hulu. Su catálogo para público infantil es inmenso en comparación con la programación disponible hace 20 años, una batalla a la que pronto se sumarán Disney y Apple. Suerte tratando de alejarlos de la televisión.</p><p><br></p>', CONCAT(CURRENT_DATE - INTERVAL 3 DAY, ' 17:44:38')),
(12, 4, 2, 'Una web del Ministerio de Cultura incluye a Cataluña como un país', 'Una web del Ministerio de Cultura considera a Cataluña como un país. El buscador de artículos periodísticos del portal de la Biblioteca Virtual de Prensa Históricapermite hacer una búsqueda entre 19 países, entre los que están España, Venezuela, Francia, Guinea Ecuatorial o Cataluña, a pesar de que esta última es una comunidad autónoma.', '<p><span style=\"background-color: transparent;\"><img src=\"https://e00-elmundo.uecdn.es/assets/multimedia/imagenes/2019/02/21/15507508821070.jpg\"></span></p><p><br></p><p>Imagen del listado de países que aparecen en el portal Biblioteca Virtual de Prensa Histórica.&nbsp;<span style=\"color: rgb(153, 153, 153); background-color: transparent;\">E.M.</span></p><p class=\"ql-align-right\"><br></p><p>Una web del&nbsp;<strong style=\"background-color: transparent;\">Ministerio de Cultura</strong>&nbsp;considera a Cataluña como un país. El buscador de artículos periodísticos del portal de la&nbsp;<strong style=\"background-color: transparent;\">Biblioteca Virtual de Prensa Histórica</strong>permite hacer una búsqueda entre 19 países, entre los que están España, Venezuela, Francia, Guinea Ecuatorial o Cataluña, a pesar de que esta última es una comunidad autónoma. Esta biblioteca contiene artículos desde el siglo XVIII hasta el XXI.</p><p>En el Ministerio de Cultura han aclarado a EL MUNDO que esta biblioteca es \"una herramienta colaborativa gestionada por la Subdirección General de Coordinación Bibliotecaria del Ministerio de Cultura y Deporte en la que las bibliotecas de Comunidades Autónomas y Ayuntamientos cargan directamente los archivos\". Apuntan estas mismas fuentes que esta web es de 2003 y \"no es la primera vez\" que se detecta que desde algunas bibliotecas de Cataluña mandan los archivos indicando \"Cataluña\" en el campo de país y \"Barcelona\" en el campo de la comunidad autónoma.</p><p>Desde el Ministerio de Cultura informan que cuando se ha detectado en otras ocasiones la incidencia \"se corrige manualmente\" y que lo harán en el día de hoy cuando se produzca \"el descacheo de la web\". Rechazan que haya habido cualquier tipo de \"intencionalidad política\".</p><p>\"El ministerio ha dado orden para que se modifique la arquitectura web para que a partir de ahora el campo País no sea un campo libre y pase a ser de elección en un listado cerrado\", explican desde el gabinete de&nbsp;<a href=\"https://www.elmundo.es/e/jo/jose-guirao.html\" target=\"_blank\" style=\"color: rgb(46, 109, 157);\">José Guirao</a>.</p><p><br></p>', CONCAT(CURRENT_DATE - INTERVAL 5 DAY, ' 17:45:45'));
INSERT INTO `noticias` (`id`, `autor`, `categoria`, `titulo`, `cabecera`, `cuerpo`, `fecha`) VALUES
(13, 4, 2, 'El giro social de Vladimir Putin', 'El presidente ruso prometió una bajada de impuestos y aumentar las ayudas para los más necesitados, ya que su índice de aceptación ha bajado del 82% al 64% en pocos meses\r\nPutin apuntará con sus misiles a EEUU si despliega los suyos en Europa', '<p><span style=\"background-color: transparent;\"><img src=\"https://e00-elmundo.uecdn.es/assets/multimedia/imagenes/2019/02/20/15506859276299.jpg\"></span></p><p><br></p><p>El presidente ruso, Vladimir Putin, en el discurso del estado de la nación.&nbsp;<span style=\"color: rgb(153, 153, 153); background-color: transparent;\">MAXIM SHIPENKOVEFE</span></p><p><br></p><p>Además de hablar de&nbsp;<a href=\"https://www.elmundo.es/internacional/2019/02/05/5c59cc84fc6c8318248b4598.html\" target=\"_blank\" style=\"color: rgb(46, 109, 157);\">misiles y amenazas</a>, el discurso del estado de la nación de&nbsp;<a href=\"https://www.elmundo.es/e/vl/vladimir-putin.html\" target=\"_blank\" style=\"color: rgb(46, 109, 157);\">Vladimir Putin</a>&nbsp;dedicó también espacio a la economía y a los planes de desarrollo del país&nbsp;<strong style=\"background-color: transparent;\">prometiendo fondos públicos para ayudar a pensionistas y familias que no pueden con los gastos</strong>. Durante los 87 minutos de discurso retransmitidos por las principales cadenas, los rusos vieron a un Putin más cercano,&nbsp;<strong style=\"background-color: transparent;\">convertido de nuevo en una especie de \'alcalde de toda Rusia\'</strong>, que al fin ha descubierto que acumular la basura junto a las ciudades rusas no es la manera de gestionarla y que está dispuesto a gastar en subsidios parte del ahorro que prescribió con su impopular reforma de las pensiones.</p><p>La razón de este giro social no está en nuevas lecturas en su mesilla ni en sus muchos viajes por el interior del país: es precaución demoscópica,&nbsp;<strong style=\"background-color: transparent;\">pues la popularidad de Putin está muy baja.</strong>&nbsp;Del 82% con el que empezó 2018 ha caído al 64% actual, un porcentaje que muchos políticos europeos firmarían pero escuálido para un sistema tan personalista como el de Rusia. Los precios altos, las dotaciones insuficientes y los salarios a la baja han generado un descontento entre los rusos que encendió las alarmas en el gobierno<strong style=\"background-color: transparent;\">&nbsp;después del alza en la edad de jubilación, la gota que colmó el vaso durante el verano</strong>.</p><p>Ahora Putin promete bajar impuestos y elevar subsidios, sobre todo a los pensionistas más pobres, que durante tantos años le han respaldado. También ayudar con cargo al presupuesto publico a que las familias con hijos paguen sus hipotecas, impulsando de paso el crecimiento demográfico. La fórmula es:&nbsp;<strong style=\"background-color: transparent;\">\"A más hijos, menos impuestos\".</strong></p><p>Pero Putin<strong style=\"background-color: transparent;\">&nbsp;no puede abstraerse del agitado contexto internacional</strong>, que ofrece para su proyecto político una mezcla de peligro y oportunidad. El dirigente ruso acusó a Estados Unidos de haber abandonado el pacto clave de control de armas para liberarse las manos y construir nuevos misiles, intentando culpar a Rusia por la decisión. El tratado INF prohibía la producción y despliegue de misiles balísticos y de crucero terrestres con un alcance de 500 a 5.500 kilómetros. Este tipo de cohetes apenas dejan tiempo a los gobiernos para decidir (\"solo tardarán entre 10 y 12 minutos en llegar a Moscú\", avisó Putin) aumentando el peligro de conflicto nuclear mundial desatado por una falsa alarma. Pero Putin sabe también que la desaparición de un marco acordado para el desarrollo de estas armas puede trastocar el desfavorable marcador con el que acabó a Guerra Fría para Moscú, ofreciendo una oportunidad de rematar su obra geopolítica. Desde la tribuna instó a los funcionarios estadounidenses a tener en cuenta el&nbsp;<strong style=\"background-color: transparent;\">\"alcance y velocidad de nuestras posibles armas\" antes de tomar decisiones.</strong></p><p>En opinión de Putin, las acusaciones de Washington respecto a los incumplimientos rusos del tratado INF<strong style=\"background-color: transparent;\">&nbsp;forman parte de la política antirrusa que promueve la élite estadounidense</strong>, convencida de \"su exclusividad y superioridad sobre el mundo\". A pesar de todo, Rusia no desea una guerra con EEUU, ni siquiera pagar la enorme factura que supone prepararse para ello. \"No estamos interesados en la confrontación y no la queremos,&nbsp;<strong style=\"background-color: transparent;\">especialmente con una potencia global como EEUU</strong>\", aseguró el presidente ruso.</p><p><br></p>', CONCAT(CURRENT_DATE - INTERVAL 5 DAY, ' 17:47:43')),
(14, 4, 2, 'Trump valora proponer a Kim Jong Un la apertura de una delegación de EEUU en Corea del Norte', 'Donald Trump se reunirá de nuevo con Kim Jong-un este mes en Vietnam.\r\nFuncionarios norteamericanos citados por medios como la CNN o el diario \'The Wall Street Journal\' han afirmado que el presidente Donald Trump se plantea ofrecer al dirigente de Corea del Norte Kim Jong Un la apertura de una oficina de representación de su país en Pyongyang, y permitir que los norcoreanos hagan lo propio en el territorio americano.', '<p><span style=\"background-color: transparent;\"><img src=\"https://e00-elmundo.uecdn.es/assets/multimedia/imagenes/2019/02/21/15507265168466.jpg\" alt=\"Donald Trump\"></span></p><p><br></p><p>El presidente de EEUU, Donald Trump.&nbsp;<span style=\"color: rgb(153, 153, 153); background-color: transparent;\">REUTERS</span></p><p><br></p><p>El comunicado final que se difundió tras la reunión de los dos dirigentes en Singapur en junio de 2018 ya incluía una mención que asegura que los dos países \"<strong style=\"background-color: transparent;\">se comprometían a establecer nuevas relaciones</strong>, de acuerdo con el deseo de los pueblos de ambos países por la paz y la prosperidad\".</p><p>Las mismas fuentes indicaron que el citado gesto diplomático&nbsp;<strong style=\"background-color: transparent;\">podría formar parte del paquete de incentivos que Trump ofrecerá al dirigente norcoreano</strong>&nbsp;-con el que se reunirá los días 27 y 28 en Hanoi- a cambio de que este acepte reanudar el desmantelamiento de su programa nuclear y de misiles.</p><p>El propio Trump se mostró dispuesto este miércoles a&nbsp;<strong style=\"background-color: transparent;\">flexibilizar las sanciones internacionales impuestas a Corea del Norte</strong>&nbsp;si Pyongyang adopta pasos \"significativos\" en ese sentido.</p><p>\"No he quitado las sanciones. Me encantaría poder hacerlo pero para eso el otro lado (Corea del Norte)&nbsp;<strong style=\"background-color: transparent;\">tiene que hacer algo significativo</strong>\", aseguró el mandatario, que siempre había defendido que nunca aflojaría el acoso contra Pyongyang hasta que la nación asiática concluyera por completo la destrucción de su arsenal y esa determinación pudiera ser confirmada por observadores independientes.</p><p>Veinticuatro horas antes, el jefe de estado norteamericano había incidido en su nueva postura respecto a Corea del Norte, muy alejada de la retórica belicista que mantuvo en 2017. El presidente dijo que<strong style=\"background-color: transparent;\">&nbsp;no \"tiene prisa\" por conseguir la \"desnuclearización\" de Pyongyang</strong>. \"Mientras que no haya ensayos, no tengo prisa\", argumentó.</p><p>Durante su entrevista en Singapur, los dos mandatarios pactaron la \"desnuclearización\" de la Península coreana pero el proceso nunca se implementó ya que Pyongyang y Washington difieren sobre el significado de esa terminología y como llevar a cabo el proceso. Hasta ahora, Corea del Norte había insistido en que se hiciera paso por paso con medida recíprocas por parte de la administración norteamericana, algo que habían rechazado estos últimos.</p><p>El pasado martes el jefe de las fuerzas militares de EEUU en la Península de Corea, el general&nbsp;<strong style=\"background-color: transparent;\">Robert Abrams</strong>, reconoció en una comparecencia ante legisladores norteamericanos que desde junio del año pasado las capacidades militares de Pyongyang no han disminuido.</p><p>\"Es algo claro que a pesar de una reducción en la tensión a lo largo de la&nbsp;<strong style=\"background-color: transparent;\">Zona Desmilitarizada</strong>&nbsp;y un cese de las provocaciones (de Corea del Norte), no se ha producido ningún o casi ningún cambio verificable en las capacidades militares\" del país asiático, apuntó el uniformado.</p><h3>Hasta 37 bombas atómicas</h3><p>Un informe del&nbsp;<strong style=\"background-color: transparent;\">Centro para la Seguridad Internacional y la Cooperación de la Universidad de Stanford</strong>&nbsp;estimó hace días que Corea del Norte ha añadido entre 5 y 7 ojivas nucleares a su arsenal atómico en 2018, con lo que ya podría disponer de 37 bombas atómicas.</p><p>Sin embargo, tanto Seúl como representantes norteamericanos de la talla de&nbsp;<strong style=\"background-color: transparent;\">Stephen Biegun</strong>, el enviado especial de Trump para Corea del Norte, han adelantado que Kim Jong Un ha expresado su disposición a clausurar y demoler la&nbsp;<strong style=\"background-color: transparent;\">central nuclear de Yongbyon</strong>, respondiendo así a la demanda del jefe de estado de EEUU para que haga algo \"significativo\".</p><p>Situado a 100 kilómetros al norte de la capital norcoreana, el complejo de Yongbyon, que acoge en su interior cerca de&nbsp;<strong style=\"background-color: transparent;\">400 instalaciones diferentes</strong>, es el \"centro y símbolo del programa nuclear norcoreano\", como escribió hace días un periódico surcoreano. Se estima que el reactor nuclear activo desde 1986 ha sido el principal generador del plutonio que requiere el país para equipar sus bombas atómicas.</p><p>La hipotética presencia de diplomáticos estadounidenses en la nación coreana y la congelación de las actividades de Yongbyon retrotraería el proceso de negociación entre Washington y Pyongyang al periodo de euforia diplomática que se vivió a partir del llamado&nbsp;<strong style=\"background-color: transparent;\">Acuerdo Marco de 1994</strong>, que puso fin a los 18 meses de crisis que abrió Corea del Norte al retirarse del Acuerdo de No Proliferación Nuclear.</p><p>Como si fuera una réplica de las propuestas que se barajan ahora para la cita de Vietnam, aquel pacto también supuso la paralización de las actividades de la central nuclear de Yongbyon y acordó la apertura de una oficina de enlace de EEUU en Pyongyang y otra norcoreana en Nueva York.</p><p>Washington llegó a alquilar un sector de la embajada de Alemania para instalar allí a los siete diplomáticos que debían trabajar en esa representación. Las negociaciones en ese sentido quedaron paralizadas tras el grave incidente que se registró en diciembre del mismo año, cuando un helicóptero de EEUU traspasó la línea divisoria con Corea del Norte y fue derribado, un suceso en el que murió uno de los pilotos.</p><p>El&nbsp;<strong style=\"background-color: transparent;\">Acuerdo Marco de Ginebra</strong>&nbsp;siguió su curso durante algunos años más pero se vió eclipsado por las disputas internas de la política norteamericana y fracasó finalmente tras la llegada al poder de George Bush, que en 2002 declaró a Corea del Norte como parte de su particular \"eje del mal\".</p><p>Representantes de los dirigentes de ambos países se encuentran desde este miércoles en Hanoi para ultimar los detalles de esta segunda cumbre. Trump ha enviado al citado&nbsp;<strong style=\"background-color: transparent;\">Stephen E. Biegun</strong>, mientras que la delegación avanzada norcoreana está liderada por el ex embajador en España,&nbsp;<strong style=\"background-color: transparent;\">Kim Hyok Chol</strong>.</p><p>Pyongyang también parece otorgar una enorme significación al evento hasta el punto de que su principal diario, el matutino&nbsp;<strong style=\"background-color: transparent;\">Rodong Sinmun</strong>, aseguró el pasado lunes que la nación se encuentra ante \"un punto de inflexión histórico\".</p><p>Otro medio afín al régimen, la página web Meari, había indicado que las relaciones entre EEUU y Corea del Norte podrían experimentar un \"avance importante\" durante el encuentro de Hanoi, al tiempo que repetía que la interrupción del lanzamiento de misiles y de pruebas atómicas es una decisión definitiva y no temporal.</p><p>\"Construir un régimen de paz pemanente y estable es una&nbsp;<strong style=\"background-color: transparent;\">decisión estratégica</strong>&nbsp;de nuestra parte para honrar la importante responsabilidad que tenemos ante la comunidad internacional. También refleja nuestra firme determinación de realizar el objetivo de la desnuclearización de la Península de Corea\", escribió el medio de propaganda, que como todos ellos recoge al detalle las directrices políticas del Partido gobernante.</p><p><br></p>', CONCAT(CURRENT_DATE - INTERVAL 6 DAY, ' 17:49:31')),
(15, 4, 2, 'Theresa May y Jean-Claude Juncker, incapaces de desatascar la cuestión irlandesa', 'Nuevo intento fallido de encontrar una fórmula de consenso para que Londres pueda ratificar el acuerdo de salida de la UE.\r\nGeoffrey Cox, fiscal general de Reino Unido, apunta como un posible\'facilitador\' para las negociaciones.\r\nMay, Juncker y Tusk, en busca de un milagro para el Brexit tras las 10 derrotas de Theresa May', '<p><span style=\"background-color: transparent;\"><img src=\"https://e00-elmundo.uecdn.es/assets/multimedia/imagenes/2019/02/20/15506951289178.jpg\"></span></p><p><br></p><p>Theresa May y Jean-Claude Juncker se saludan en Bruselas&nbsp;<span style=\"color: rgb(153, 153, 153); background-color: transparent;\">OLIVER HOSLETEFE</span></p><p><br></p><p>En apenas dos semanas, el tiempo que lleva desde la penúltima visita de&nbsp;<a href=\"https://www.elmundo.es/e/th/theresa-may.html\" target=\"_blank\" style=\"color: rgb(46, 109, 157);\">Theresa May</a>&nbsp;a Bruselas hasta la última, este mismo miércoles por la tarde,&nbsp;<strong style=\"background-color: transparent;\">no ha habido cambio de guion, de actores o de realización,</strong>&nbsp;pero las subtramas han ganado poco a poco importancia en la historia. Estos 14 días han estado plagados de pequeños guiños, de anécdotas, de detalles, que todos juntos ayudan a identificar un giro en el tono de las negociaciones del&nbsp;<a href=\"https://www.elmundo.es/t/br/brexit.html\" target=\"_blank\" style=\"color: rgb(46, 109, 157);\">Brexit</a>.</p><p>El fondo es el mismo (el Acuerdo de Salida no se toca, es el mejor y el único posible y los 27 siguen firmes), pero las formas se difuminan al ritmo en el que las fuerzas políticas se van reorganizando en Londres. Irónicamente,&nbsp;<strong style=\"background-color: transparent;\">cuanto menos tiempo queda y más confusión reina,</strong>&nbsp;menos pesimismo se trasmite. Lo que en enero parecía imposible ahora pareces sólo terriblemente complicado.</p><p>Queda poco más de un mes para que concluya el plazo de dos años fijado para lograr un pacto que garantice una retirada ordenada de&nbsp;<a href=\"https://www.elmundo.es/internacional/reino-unido.html\" target=\"_blank\" style=\"color: rgb(46, 109, 157);\">Reino Unido</a>. La primera ministra no tiene el respaldo de Westminster ni de su propio partido,&nbsp;<a href=\"https://www.elmundo.es/internacional/2019/02/20/5c6d3c19fdddffe75a8b46aa.html\" target=\"_blank\" style=\"color: rgb(46, 109, 157);\">que acaba de perder tres diputadas</a>. No hay una solución alternativa para Irlanda del Norte, ni deseo de elecciones ni voluntad clara de pedir una extensión en las negociaciones.</p><p>Pero el clima se ha atemperado y, en Bruselas al menos, funcionarios y embajadores hablan ya constantemente de&nbsp;<strong style=\"background-color: transparent;\">\"the 11th hour\",</strong>&nbsp;la hora 11, ese momento final, tan británico, justo antes del vencimiento, en el que todo se alinea y se evita el desastre. \"¿Es grave, dramático, angustioso? No es agradable, pero en una negociación de este tipo estas presiones de calendario no son excepcionales. Habría sido previsible en cualquier escenario algo parecido\", admite quitando algo de hierro una fuente comunitaria muy al tanto de las conversaciones.</p><p>Es llamativo cómo han desaparecido las provocaciones, como la de mandar a los \'Brexiters\' al infierno, y han tomado la palabra secundarios de gala. Fue el caso del primer ministro holandés,&nbsp;<a href=\"https://www.elmundo.es/internacional/2017/03/15/58c90501e2704ec90a8b45a0.html\" target=\"_blank\" style=\"color: rgb(46, 109, 157);\">Mark Rutte</a>, figura al alza en el continente, voz de los que siempre se han declarado más amigos de Reino Unido. Lo hizo avisando en una entrevista coral con diarios europeos primero, y en un célebre discurso después en Zúrich, en el que señaló que las cosas pintaban mal y la reacción política era indispensable y urgente.</p><p>El segundo acto fue el de&nbsp;<strong style=\"background-color: transparent;\">Olly Robins,</strong>&nbsp;fiel escudero de May, sospechosamente sorprendido por un periodista en un hotel de Bruselas mientras hacía comentarios indiscretos respecto a la negociación y la inevitabilidad de una extensión de las conversaciones si no se lograban pronto garantías escritas.</p><p>Después llegó el turno del fiscal general de Reino Unido,&nbsp;<strong style=\"background-color: transparent;\">Geoffrey Cox,</strong>ocupando un lugar en primera fila de las negociaciones. O ayer mismo el ministro&nbsp;<a href=\"https://www.elmundo.es/e/jo/josep-borrell.html\" target=\"_blank\" style=\"color: rgb(46, 109, 157);\">Josep Borrell</a>, apuntando en una entrevista en \'Bloomberg\', a avances en Bruselas, a cómo se va perfilando una estrategia (mientras España sigue presionando con fuerza sobre&nbsp;<a href=\"https://www.elmundo.es/internacional/gibraltar.html\" target=\"_blank\" style=\"color: rgb(46, 109, 157);\">Gibraltar</a>&nbsp;y el calificativo de \"colonia\" en los documentos, para irritación de muchos en el Parlamento Europeo, puesto que sin unanimidad los británicos acabarían teniendo que pagar más de 60 euros por un visado).</p><h3>¿Quién es Geoffrey Cox?</h3><p>En las conversaciones de esta semana,&nbsp;<strong style=\"background-color: transparent;\">Cox es el protagonista inesperado.</strong>&nbsp;Casi un desconocido hasta hace seis meses, el fiscal se ha convertido en un posible desatascador, viajando hasta dos veces a&nbsp;<a href=\"https://www.elmundo.es/internacional/belgica.html\" target=\"_blank\" style=\"color: rgb(46, 109, 157);\">Bélgica</a>. Es el que, con no muchos cambios respecto a lo por todos conocido, quizás pueda hacer de \'facilitador\' ante la línea más dura en Reino Unido, aquellos que se oponen al Acuerdo de Salida que está sobre la mesa porque creen que, si se activa el famoso \'backstop\', el mecanismo de salvaguarda para Irlanda, caerán en una trampa por la que&nbsp;<strong style=\"background-color: transparent;\">el país puede quedar indefinidamente en un limbo insoportable,</strong>&nbsp;sin ser Estado miembro, sin voz, voto o veto, pero sujetos a todas las normas de la UE.</p><p>Cox, que es partidario del Brexit, trata de encontrar con los funcionarios de la Comisión una fórmula que ofrezca garantías suficientes. Sin modificar exactamente el Acuerdo de Salida (585 páginas de texto legal), sino con suerte&nbsp;<strong style=\"background-color: transparent;\">reescribiendo la Declaración Política,</strong>&nbsp;unas decenas de páginas con compromisos, que expresarían aún más nítidamente la naturaleza temporal de la salvaguarda.</p><p>Si Cox da un informe legal positivo sobre una fórmula consensuada, legalmente vinculante o no, May espera lograr que algunos conservadores levanten su veto y los textos puedan ser ratificados lo antes posible. Incluso si eso requiere una pequeña prórroga del plazo previsto para el 29 de marzo.</p><h3>La UE continúa firme</h3><p>La posición de los 27 es conocida. \"El tratado no se reabrirá, pero puede interpretarse o complementarse con explicaciones que puedan ser satisfactorias\", ha repetido Borrell. Las capitales, y Bruselas en particular, son flexibles pero no están dispuestos a grandes gestos si May no puede asegurar una mayoría.&nbsp;<strong style=\"background-color: transparent;\">\"Ninguno pensamos que esto, un bloqueo por parte británica después de tener acuerdo con su Gobierno, fuera a llegar.</strong>&nbsp;Podíamos haber imaginado que no hubiera acuerdo a nivel de negociadores. Pero la combinación de tener ese acuerdo y no el respaldo parlamentario para ratificarlo en Reino Unido era un escenario que yo francamente no pensé que se iba a producir, o no con este dramatismo\", admiten fuentes diplomáticas.</p><p>El problema estructural está claro. Hoy por hoy, el Parlamento británico no tiene mayoría para hacer nada, y la única que hay es para no dejar hacer algo.&nbsp;<strong style=\"background-color: transparent;\">\"Los 27 no vamos a entrar en negociaciones de ida y vuelta,</strong>&nbsp;(...) en las que decimos una cosa, ella lo testea en Westminster y viene con otra cosa modificada. Si negociamos es sobre la base de un compromiso firme de May de que lo que está es la solución definitiva\", explica un diplomático comunitario.</p><p>Por eso Bruselas lleva semanas lanzando una y otra vez directas e indirectas, sugiriendo que la única salida que ven, sin elecciones al menos, es un entendimiento de May con los laboristas. O con parte de ellos al menos. \"Lo que es evidente es que o hay un acuerdo traspartidario o no podemos tener ratificación.&nbsp;<strong style=\"background-color: transparent;\">O alguna parte del laborismo apoya o aquí no se avanza\",</strong>&nbsp;insiste el diplomático. De ahí los mismos y elogios a&nbsp;<a href=\"https://www.elmundo.es/e/je/jeremy-corbyn.html\" target=\"_blank\" style=\"color: rgb(46, 109, 157);\">Jeremy Corbyn</a>&nbsp;por su propuesta de este mes y de ahí su visita prevista a las instituciones comunitarias este jueves.</p><p>Tras hora y media de encuentro, Juncker y May emitieron un comunicado conjunto destacando que hablaron \"de forma constructiva\" de lo de siempre, que es necesario \"espíritu positivo para encontrar opciones\" y del&nbsp;<strong style=\"background-color: transparent;\">\"papel que podrían desempeñar los acuerdos alternativos para reemplazar el \'backstop\' en el futuro\".</strong></p><p>Para ello, encargaron a&nbsp;<a href=\"https://www.elmundo.es/internacional/2018/04/30/5ae702f4e2704e7e4a8b45fb.html\" target=\"_blank\" style=\"color: rgb(46, 109, 157);\">Michel Barnier</a>, y al Secretario de Estado Stephen Barclay, que trabajen de forma conjunta para intentar darle forma. Ambos líderes pactaron igualmente volver a hablar antes de final de mes. Por el momento, el único encuentro previsto es el Consejo Europeo de marzo, dentro de exactamente un mes. No sería estrictamente la \"hora 11\", pero casi.</p><p><br></p>', CONCAT(CURRENT_DATE - INTERVAL 1 DAY, ' 17:52:22')),
(16, 4, 2, 'Así es Hipocampo, la nueva luna \'enana\' de Neptuno', 'La órbita que describe y su tamaño sugieren que fue el resultado de un impacto de meteorito.', '<p><span style=\"background-color: transparent;\"><img src=\"https://e00-elmundo.uecdn.es/assets/multimedia/imagenes/2019/02/20/15506867952088.jpg\"></span></p><p><br></p><p>Imagen histórica de Neptuno tomada por la sonda Voyaguer 2 en el año 1989.&nbsp;<span style=\"color: rgb(153, 153, 153); background-color: transparent;\">NASA</span></p><p><br></p><p>En 1989 la sonda espacial Voyager-2 alcanzó las inmediaciones de Tritón, la luna más grande de Neptuno. Las fotografías que tomó a su paso revelaron seis satélites interiores, hasta entonces totalmente desconocidos. Treinta años después, este gigante helado, el planeta más lejano del Sistema Solar, continúa desvelando sus secretos: el miércoles&nbsp;<a href=\"https://www.nature.com/articles/s41586-019-0909-9\" target=\"_blank\" style=\"color: rgb(46, 109, 157);\">la revista</a><em style=\"background-color: transparent;\">Nature</em>&nbsp;publica los detalles de una séptima luna interior,&nbsp;<strong style=\"background-color: transparent;\">Hipocampo, que eleva a 14 el número total de satélites de Neptuno</strong>. El hallazgo aporta, además, nuevas claves sobre los fenómenos que dieron origen al cortejo de astros que orbita a su alrededor.</p><p>La nueva luna, que ha sido bautizada con el nombre de una criatura marina de la mitología clásica, es la más pequeña de las que rodea Neptuno.&nbsp;<strong style=\"background-color: transparent;\">Tiene un diámetro medio de unos 34 kilómetros</strong>&nbsp;y sigue una órbita de sólo 12.000, que discurre siempre cerca de Proteo, la mayor de esas seis lunas interiores descubiertas por la Voyager-2. \"Nuestros resultados sugieren que Hipocampo es, en realidad, un antiguo fragmento de Proteo\", escribe Mark Showalter, investigador del Instituto SETI en California y autor principal del artículo.</p><p>Sus descubridores señalan, asimismo, que la relación entre Hipocampo y Proteo es especialmente relevante, dado el papel que ambos objetos pudieron desempeñar en la creación del sistema orbital de Neptuno. De acuerdo con los autores, todos los satélites interiores pudieron haberse originado a partir de fragmentos de Proteo, que habrían salido despedidos tras el impacto de un gran cometa, lo que a su vez reforzaría la idea de que todas las lunas que rodean a Neptuno y Júpiter fueron moldeadas por numerosos choques cósmicos. En este sentido, el año pasado salieron a la luz doce nuevas lunas alrededor de Júpiter, incluyendo un extraño satélite con una órbita contraria a la rotación del planeta.</p><p><span style=\"background-color: transparent;\"><img src=\"https://e00-elmundo.uecdn.es/elmundo/2019/graficos/feb/s3/neptuno660.jpg\"></span></p><p>De hecho Proteo presenta en su superficie un enorme cráter llamado Pharos, un signo indicativo de que esta luna sufrió un gran impacto que estuvo cerca de destruirla. En el momento de la colisión habrían saltado al espacio gran número de escombros cósmicos, que quedaron flotando a su alrededor y dieron origen a nuevos astros. \"Tanto Proteo como Hipocampo migran hacia afuera, debido a interacciones gravitacionales con Neptuno, pero&nbsp;<strong style=\"background-color: transparent;\">Hipocampo se mueve mucho más lentamente</strong>, lo que sugiere que se encuentra mucho más cerca de la ubicación en la que se formó\", explica Anne Verbiscer, profesora de Astronomía en la Universidad de Virginia, que apunta a esta circunstancia como prueba de que los dos cuerpos estaban mucho más juntos en el pasado.</p><h3>Cazadores de lunas</h3><p>En el verano de 2013, el astrónomo Mark Showalter se encontraba estudiando las imágenes tomadas por el Telescopio Espacial Hubble del área interestelar cerca de Neptuno. Showalter escrutó los pequeños arcos del tenue sistema de anillos que rodean al gigante de hielo y fue uno de los primeros astrónomos en buscar más allá de estos segmentos. Al hacerlo,&nbsp;<strong style=\"background-color: transparent;\">descubrió un pequeño punto blanco a más de 100.000 km del planeta</strong>&nbsp;y rápidamente se dio cuenta que ese punto, situado entre las órbitas de las lunas Larisa y Proteo, aparecía en más de 150 fotografías tomadas por el Hubble entre los años 2004 y 2009.</p><p>Ese verano se hizo un primer anuncio sobre el hallazgo de la nueva luna, pero ha hecho falta esperar hasta que imágenes obtenidas en 2016 hayan permitido confirmar sin género de dudas la existencia de Hipocampo, cuyos detalles aparecen ahora en&nbsp;<em style=\"background-color: transparent;\">Nature</em>. El descubrimiento ha requerido de técnicas especiales de procesamiento de imágenes, que han permitido al equipo investigador monitorizar al mismo tiempo todos los satélites interiores de Neptuno, a pesar de las órbitas rápidas que describen algunos de ellos. \"Tanto las lunas como los arcos orbitan muy rápidamente, así que&nbsp;<strong style=\"background-color: transparent;\">hemos tenido que idear una forma de seguir su movimiento para identificar todos los detalles del sistema</strong>\", explicó el astrónomo. \"Es el mismo principio que un fotógrafo deportivo que sigue a un atleta en movimiento; el atleta se mantiene en el foco, pero el fondo se desdibuja\".</p><p>Showalter lidera un equipo de investigadores especializados en encontrar pequeñas lunas usando imágenes de sondas espaciales y satélites en órbita alrededor de la Tierra, incluyendo el citado Hubble.&nbsp;<strong style=\"background-color: transparent;\">Cuenta en su haber con el descubrimiento de Pan, una luna de Saturno</strong>, Mab y Cupido, de Urano, y Estigia y Cerbero, de Plutón. Tanto él como sus compañeros buscan activamente nuevas lunas cerca de los planetas más lejanos del Sistema Solar. Aunque en este caso, después del rastreo exhaustivo utilizando esta técnica de transformación y almacenamiento imágenes, los autores creen que ya no quedan nuevos satélites por descubrir en la órbita interna de Proteo, \"al menos no de más de 24 km de diámetro\".</p><p><br></p>', CONCAT(CURRENT_DATE - INTERVAL 2 DAY, ' 17:53:19'));

-- --------------------------------------------------------

--
-- Estructura de tabla para la tabla `solicitudes`
--

DROP TABLE IF EXISTS `solicitudes`;
CREATE TABLE `solicitudes` (
  `id` int(11) NOT NULL,
  `nombre` varchar(110) COLLATE utf8mb4_spanish_ci NOT NULL,
  `email` varchar(255) COLLATE utf8mb4_spanish_ci NOT NULL,
  `texto` text COLLATE utf8mb4_spanish_ci NOT NULL,
  `token` varchar(50) COLLATE utf8mb4_spanish_ci DEFAULT NULL,
  `administrador` tinyint(4) NOT NULL DEFAULT '0'
) ENGINE=InnoDB DEFAULT CHARSET=utf8mb4 COLLATE=utf8mb4_spanish_ci;

--
-- Volcado de datos para la tabla `solicitudes`
--

INSERT INTO `solicitudes` (`id`, `nombre`, `email`, `texto`, `token`, `administrador`) VALUES
(4, 'Miguelito xddd', 'miguelin887@hotmail.com', 'jaja xdd acepta mis qduienerosbasuradewebxd', '28286a61778825d355a4316bbd6ee94832119e78', 0);

-- --------------------------------------------------------

--
-- Estructura de tabla para la tabla `tags`
--

DROP TABLE IF EXISTS `tags`;
CREATE TABLE `tags` (
  `nombre` varchar(50) COLLATE utf8mb4_spanish_ci NOT NULL
) ENGINE=InnoDB DEFAULT CHARSET=utf8mb4 COLLATE=utf8mb4_spanish_ci;

--
-- Volcado de datos para la tabla `tags`
--

INSERT INTO `tags` (`nombre`) VALUES
('Brexit'),
('Cataluña'),
('China'),
('Donald trump'),
('Eeuu'),
('Energía solar'),
('Espacio'),
('España'),
('Estados unidos'),
('F1'),
('Fortnite'),
('Irlanda'),
('Juegos'),
('Kim jong'),
('Korea del norte'),
('Menores'),
('Ministerio'),
('Nasa'),
('Neptuno'),
('Pc'),
('Portátiles'),
('Putin'),
('Pyongyang'),
('Reino unido'),
('Renfe'),
('Sanchez'),
('Tecnología'),
('Televisión'),
('Test'),
('Theresa may'),
('Videojuegos');

-- --------------------------------------------------------

--
-- Estructura de tabla para la tabla `tags_noticias`
--

DROP TABLE IF EXISTS `tags_noticias`;
CREATE TABLE `tags_noticias` (
  `noticia` int(11) NOT NULL,
  `tag` varchar(50) COLLATE utf8mb4_spanish_ci NOT NULL
) ENGINE=InnoDB DEFAULT CHARSET=utf8mb4 COLLATE=utf8mb4_spanish_ci;

--
-- Volcado de datos para la tabla `tags_noticias`
--

INSERT INTO `tags_noticias` (`noticia`, `tag`) VALUES
(2, 'Juegos'),
(3, 'Donald trump'),
(3, 'Estados unidos'),
(4, 'Cataluña'),
(5, 'F1'),
(6, 'China'),
(6, 'Energía solar'),
(7, 'Pc'),
(7, 'Videojuegos'),
(8, 'Portátiles'),
(8, 'Videojuegos'),
(9, 'Fortnite'),
(9, 'Videojuegos'),
(10, 'Sanchez'),
(11, 'Eeuu'),
(11, 'Menores'),
(11, 'Televisión'),
(12, 'España'),
(12, 'Ministerio'),
(12, 'Sanchez'),
(13, 'Donald trump'),
(13, 'Putin'),
(14, 'Donald trump'),
(14, 'Eeuu'),
(14, 'Kim jong'),
(14, 'Korea del norte'),
(14, 'Pyongyang'),
(15, 'Brexit'),
(15, 'Irlanda'),
(15, 'Reino unido'),
(15, 'Theresa may'),
(16, 'Espacio'),
(16, 'Nasa'),
(16, 'Neptuno'),
(16, 'Tecnología');

--
-- Índices para tablas volcadas
--

--
-- Indices de la tabla `categorias`
--
ALTER TABLE `categorias`
  ADD PRIMARY KEY (`id`),
  ADD UNIQUE KEY `descripcion` (`nombre`);

--
-- Indices de la tabla `comentarios`
--
ALTER TABLE `comentarios`
  ADD PRIMARY KEY (`id`),
  ADD KEY `noticia` (`noticia`);

--
-- Indices de la tabla `editores`
--
ALTER TABLE `editores`
  ADD PRIMARY KEY (`id`),
  ADD UNIQUE KEY `username` (`username`),
  ADD UNIQUE KEY `email` (`email`);

--
-- Indices de la tabla `noticias`
--
ALTER TABLE `noticias`
  ADD PRIMARY KEY (`id`),
  ADD KEY `categoria` (`categoria`),
  ADD KEY `autor` (`autor`);
ALTER TABLE `noticias` ADD FULLTEXT KEY `titulo` (`titulo`,`cabecera`,`cuerpo`);

--
-- Indices de la tabla `solicitudes`
--
ALTER TABLE `solicitudes`
  ADD PRIMARY KEY (`id`);

--
-- Indices de la tabla `tags`
--
ALTER TABLE `tags`
  ADD PRIMARY KEY (`nombre`);

--
-- Indices de la tabla `tags_noticias`
--
ALTER TABLE `tags_noticias`
  ADD PRIMARY KEY (`noticia`,`tag`),
  ADD KEY `tags_noticias_ibfk_2` (`tag`);

--
-- AUTO_INCREMENT de las tablas volcadas
--

--
-- AUTO_INCREMENT de la tabla `categorias`
--
ALTER TABLE `categorias`
  MODIFY `id` int(11) NOT NULL AUTO_INCREMENT, AUTO_INCREMENT=4;

--
-- AUTO_INCREMENT de la tabla `comentarios`
--
ALTER TABLE `comentarios`
  MODIFY `id` int(11) NOT NULL AUTO_INCREMENT, AUTO_INCREMENT=3;

--
-- AUTO_INCREMENT de la tabla `editores`
--
ALTER TABLE `editores`
  MODIFY `id` int(11) NOT NULL AUTO_INCREMENT, AUTO_INCREMENT=5;

--
-- AUTO_INCREMENT de la tabla `noticias`
--
ALTER TABLE `noticias`
  MODIFY `id` int(11) NOT NULL AUTO_INCREMENT, AUTO_INCREMENT=17;

--
-- AUTO_INCREMENT de la tabla `solicitudes`
--
ALTER TABLE `solicitudes`
  MODIFY `id` int(11) NOT NULL AUTO_INCREMENT, AUTO_INCREMENT=5;

--
-- Restricciones para tablas volcadas
--

--
-- Filtros para la tabla `comentarios`
--
ALTER TABLE `comentarios`
  ADD CONSTRAINT `comentarios_ibfk_1` FOREIGN KEY (`noticia`) REFERENCES `noticias` (`id`) ON DELETE CASCADE ON UPDATE CASCADE;

--
-- Filtros para la tabla `noticias`
--
ALTER TABLE `noticias`
  ADD CONSTRAINT `noticias_ibfk_1` FOREIGN KEY (`categoria`) REFERENCES `categorias` (`id`) ON DELETE CASCADE ON UPDATE CASCADE,
  ADD CONSTRAINT `noticias_ibfk_2` FOREIGN KEY (`autor`) REFERENCES `editores` (`id`) ON DELETE CASCADE ON UPDATE CASCADE;

--
-- Filtros para la tabla `tags_noticias`
--
ALTER TABLE `tags_noticias`
  ADD CONSTRAINT `tags_noticias_ibfk_1` FOREIGN KEY (`noticia`) REFERENCES `noticias` (`id`) ON DELETE CASCADE ON UPDATE CASCADE,
  ADD CONSTRAINT `tags_noticias_ibfk_2` FOREIGN KEY (`tag`) REFERENCES `tags` (`nombre`) ON DELETE CASCADE ON UPDATE CASCADE;
COMMIT;

/*!40101 SET CHARACTER_SET_CLIENT=@OLD_CHARACTER_SET_CLIENT */;
/*!40101 SET CHARACTER_SET_RESULTS=@OLD_CHARACTER_SET_RESULTS */;
/*!40101 SET COLLATION_CONNECTION=@OLD_COLLATION_CONNECTION */;
