-- phpMyAdmin SQL Dump
-- version 4.8.3
-- https://www.phpmyadmin.net/
--
-- Servidor: 127.0.0.1
-- Tiempo de generación: 18-02-2019 a las 12:58:38
-- Versión del servidor: 10.1.35-MariaDB
-- Versión de PHP: 7.2.9

SET SQL_MODE = "NO_AUTO_VALUE_ON_ZERO";
SET AUTOCOMMIT = 0;
START TRANSACTION;
SET time_zone = "+00:00";


/*!40101 SET @OLD_CHARACTER_SET_CLIENT=@@CHARACTER_SET_CLIENT */;
/*!40101 SET @OLD_CHARACTER_SET_RESULTS=@@CHARACTER_SET_RESULTS */;
/*!40101 SET @OLD_COLLATION_CONNECTION=@@COLLATION_CONNECTION */;
/*!40101 SET NAMES utf8mb4 */;

--
-- Base de datos: `zeitung`
--
CREATE DATABASE IF NOT EXISTS `zeitung` DEFAULT CHARACTER SET utf8mb4 COLLATE utf8mb4_spanish_ci;
USE `zeitung`;

-- --------------------------------------------------------

--
-- Estructura de tabla para la tabla `categorias`
--

DROP TABLE IF EXISTS `categorias`;
CREATE TABLE `categorias` (
  `id` int(11) NOT NULL,
  `nombre` varchar(100) COLLATE utf8mb4_spanish_ci NOT NULL
) ENGINE=InnoDB DEFAULT CHARSET=utf8mb4 COLLATE=utf8mb4_spanish_ci;

--
-- Truncar tablas antes de insertar `categorias`
--

TRUNCATE TABLE `categorias`;
--
-- Volcado de datos para la tabla `categorias`
--

INSERT INTO `categorias` (`id`, `nombre`) VALUES
(2, 'Política'),
(1, 'Tecnología');

-- --------------------------------------------------------

--
-- Estructura de tabla para la tabla `comentarios`
--

DROP TABLE IF EXISTS `comentarios`;
CREATE TABLE `comentarios` (
  `id` int(11) NOT NULL,
  `noticia` int(11) NOT NULL,
  `nombre` varchar(100) COLLATE utf8mb4_spanish_ci NOT NULL,
  `comentario` text COLLATE utf8mb4_spanish_ci NOT NULL,
  `fecha` datetime NOT NULL
) ENGINE=InnoDB DEFAULT CHARSET=utf8mb4 COLLATE=utf8mb4_spanish_ci;

--
-- Truncar tablas antes de insertar `comentarios`
--

TRUNCATE TABLE `comentarios`;
--
-- Volcado de datos para la tabla `comentarios`
--

INSERT INTO `comentarios` (`id`, `noticia`, `nombre`, `comentario`, `fecha`) VALUES
(1, 7, 'Miguelito Rosita Pareditas', 'Me parece una vergüenza que publiquen noticias sobre videojuegos.', '2019-02-17 18:03:22'),
(2, 7, 'Daniel Barriguita', 'La mejor pagina del universo, ha salvado mi matrimonio, mis dieses.', '2019-02-17 18:07:58'),
(3, 6, 'Capitalista 89', 'Pablo Casado: \"Lo primero que vamos a hacer al llegar el Gobierno será bajar los impuestos\" - le copia el repertorio humorístico a Rajoy, que dijo exactamente lo mismo para luego subir el IVA y el IRPF', '2019-02-18 09:55:56');

-- --------------------------------------------------------

--
-- Estructura de tabla para la tabla `editores`
--

DROP TABLE IF EXISTS `editores`;
CREATE TABLE `editores` (
  `id` int(11) NOT NULL,
  `username` varchar(50) COLLATE utf8mb4_spanish_ci NOT NULL,
  `password` varchar(255) COLLATE utf8mb4_spanish_ci NOT NULL,
  `email` varchar(80) COLLATE utf8mb4_spanish_ci NOT NULL,
  `nombre` varchar(30) COLLATE utf8mb4_spanish_ci NOT NULL,
  `apellidos` varchar(50) COLLATE utf8mb4_spanish_ci NOT NULL,
  `administrador` tinyint(1) NOT NULL DEFAULT '0'
) ENGINE=InnoDB DEFAULT CHARSET=utf8mb4 COLLATE=utf8mb4_spanish_ci;

--
-- Truncar tablas antes de insertar `editores`
--

TRUNCATE TABLE `editores`;
--
-- Volcado de datos para la tabla `editores`
--

INSERT INTO `editores` (`id`, `username`, `password`, `email`, `nombre`, `apellidos`, `administrador`) VALUES
(1, 'test', '$argon2i$v=19$m=1024,t=2,p=2$TFlZbnMzc2VyUnVVcDFvVQ$F/XUnvveNILmr3Vo55syuNhpu0lc2jfPXD7YbGhrd3U', '12345@test', 'Test', 'Rodolfo Castaño', 1),
(2, 'dani', '$argon2i$v=19$m=1024,t=2,p=2$S0ZTWC5WeUxPUDdwS0VvOA$t+LAyQYs1HLSpGWo7DjPYmhbhI++9BAw8ak3PNh1rgc', '12345@dsad', 'Dani', 'Barriguita', 0),
(3, 'admin', '$argon2i$v=19$m=1024,t=2,p=2$RUw5U1pObXJSUDdVamliRw$a56Gnhn6x3JO3SQ4mGG1kZZB7KWSZJ7e8EJdk1UIuJQ', '1234@email', '1234', '1234 Dasd Asd As Das', 1),
(4, 'aaron', '$argon2i$v=19$m=1024,t=2,p=2$aUlzUDNCRWthRnZKZmhmZw$1bentJD3I1MVrlE362eCbBJLw6qa2y34znPgOO3Tpes', 'aaron@email.com', 'Aarón', 'Hernández Pérez', 1);

-- --------------------------------------------------------

--
-- Estructura de tabla para la tabla `noticias`
--

DROP TABLE IF EXISTS `noticias`;
CREATE TABLE `noticias` (
  `id` int(11) NOT NULL,
  `autor` int(11) NOT NULL,
  `categoria` int(11) NOT NULL,
  `titulo` varchar(150) COLLATE utf8mb4_spanish_ci NOT NULL,
  `cabecera` varchar(500) COLLATE utf8mb4_spanish_ci NOT NULL,
  `cuerpo` text COLLATE utf8mb4_spanish_ci NOT NULL,
  `fecha` datetime NOT NULL
) ENGINE=InnoDB DEFAULT CHARSET=utf8mb4 COLLATE=utf8mb4_spanish_ci;

--
-- Truncar tablas antes de insertar `noticias`
--

TRUNCATE TABLE `noticias`;
--
-- Volcado de datos para la tabla `noticias`
--

INSERT INTO `noticias` (`id`, `autor`, `categoria`, `titulo`, `cabecera`, `cuerpo`, `fecha`) VALUES
(1, 1, 2, 'Renfe aparta a un vigilante de seguridad acusado de racismo en la estación de Sants', 'Renfe ha pedido a la empresa de seguridad Ombuds que aparte del servicio a un vigilante de la estación de Sants de Barcelona acusado por la plataforma Es Racismo de pedir el billete, empujar y tratar con \"actitud chulesca y violenta\" a un viajero de Cercanías por motivos racistas.', '<p><span style=\"color: rgb(0, 0, 0);\">Renfe ha pedido a la empresa de seguridad Ombuds que aparte del servicio a un vigilante de la estación de Sants de Barcelona acusado por la plataforma Es Racismo de pedir el billete, empujar y tratar con \"actitud chulesca y violenta\" a un viajero de Cercanías por motivos racistas. Fuentes de Renfe han informado de que están revisando la actuación del vigilante por el trato que dio al viajero y que han abierto un expediente informativo. Es Racismo ha difundido este viernes un vídeo en su cuenta de Twitter en el que aparecen los hechos, ha criticado que el vigilante pidió el billete únicamente al viajero afectado y ha considerado: \"El agente de seguridad no actúa así por casualidad, es conocedor de la criminalización racial (que contribuye a reforzar) y sabe que en el espacio público puede actuar así sin impedimentos\".</span></p>', '2019-02-11 06:12:21'),
(2, 1, 2, 'Un estudio de la Universidad de Oxford descarta que haya relación entre la violencia adolescente y los videojuegos', 'Es un clásico de las controversias y una media verdad para muchos. Los videojuegos generan violencia. O no. Desde hace años, la cuestión ocupa a los expertos y, a veces, a los gobiernos (ahí está el empeño de Donald Trump en EE UU).', '<p><span style=\"color: rgb(0, 0, 0);\">Así, en el repaso a los titulares de los últimos 10 años, uno puede leer desde que \"Los videojuegos violentos y las agresiones activan la misma parte del cerebro\" a que \"Los jugadores de videojuegos violentos no confunden ficción con realidad\", pasando porque \"Los juegos violentos relajan a los jugadores\". Lo último al respecto es un estudio de las universidades de Oxford y Cardiff que descarta que haya relación alguna entre la violencia adolescente y los videojuegos. Los autores, que consideran que los efectos negativos del videojuego se han exagerado, consideran que los adolescentes que juegan videojuegos violentos no son más propensos a un comportamiento agresivo en el mundo real. Publicado en la revista Royal Society Open Science, ha sido uno de los estudios más completos hasta la fecha, con una muestra de 1.000 chavales británicos, de 14 y 15 años. Se les preguntó sobre sus hábitos de ocio y resultó que casi la mitad de las niñas y dos tercios de los niños jugaban videojuegos. También entrevistaron a sus padres para saber si pensaban que su hijo se había vuelto más antisocial desde que disfrutaba de los videojuegos. Y no, no se encontró evidencia de que los que más jugaban fueran más agresivos una vez que apagaban la consola. Algo de rabia al jugar, pero nada preocupante \"La idea de que los videojuegos violentos provocan agresividad en el mundo real es muy popular, pero no se ha probado\", dice el investigador principal, el profesor Andrew Przybylski, director de investigación del Oxford Internet Institute. Y añade: \"Pese al interés en el tema por parte de los padres y de los responsables políticos, la investigación no ha demostrado que haya motivo de preocupación\". ¿Qué es lo que sí hallaron los investigadores? Przybylski cuenta que observaron que los videojuegos podían provocar arrebatos de ira y rabia mientras los chavales jugaban en línea. \"Vimos algunas cosas, como que hablarán mal, una competitividad extrema o algún troleo en los grupos de jugadores que podríamos calificar como comportamiento antisocial\", explica. Los autores de este estudio critican que las investigaciones anteriores se han basado demasiado en la información aportada por los propios adolescentes sobre los títulos que jugaban y su comportamiento. Ellos han considerado también a los padres y los sistemas de calificación de la violencia de los juegos (en su caso en Reino Unido y EE UU). De ese modo, aseguran, han podido minimizar el riesgo de seleccionar datos que pudieran dar un resultado más emocionante pero menos cierto. En palabas de la coautora, Netta Weinstein, de la Universidad de Cardiff, \"el sesgo de los investigadores podrían haber influido en los estudios previos sobre este tema y, de ese modo, haber distorsionado nuestra comprensión de los efectos de los videojuegos\".</span></p>', '2019-02-12 14:11:06'),
(3, 2, 2, 'Trump declara la emergencia nacional ante la \"invasión de drogas y gente que sufre Estados Unidos\"', 'El presidente de Estados Unidos, \"Donald Trump\", ha declarado este viernes el estado de emergencia nacional en la frontera con México para costear la finalización del muro de separación entre ambos países tras considerar insuficiente la partida de 1.500 millones de dólares aprobada finalmente por el Congreso de Estados Unidos.', '<p><span style=\"color: rgb(0, 0, 0);\">El presidente de Estados Unidos, Donald Trump, ha declarado este viernes el estado de emergencia nacional en la frontera con México para costear la finalización del muro de separación entre ambos países tras considerar insuficiente la partida de 1.500 millones de dólares aprobada finalmente por el Congreso de Estados Unidos. \"Voy a firmar una declaración de emergencia, como han hecho otros presidentes antes que yo por cosas menos importantes. Es algo muy importante\", ha declarado Trump. Trump ha argumentado que su decisión ha sido motivada por \"esta invasión que está viviendo Estados Unidos, por criminales, por traficantes de drogas\", en una comparecencia ante los medios en la Casa Blanca, acompañado de las llamadas \"Madres de los Ángeles\", madres de fallecidos a manos de inmigrantes ilegales. \"Nos van a denunciar\" \"Es una invasión de drogas, una invasión de bandas criminales, una invasión de gente, y es inaceptable\", ha añadido, antes de reconocer que se expone a una batería de denuncias de propietarios y negocios en el caso de que el muro afecte a tierras privadas y contratos entre particulares y el Ejército de Estados Unidos si llega a colaborar en la finalización del muro. \"Voy a firmar en cuanto llegue al Despacho Oval, y nos van a denunciar, y va a llegar al Tribunal Supremo, y nos van a denunciar otra vez, y luego nos van a denunciar\", ha pronosticado Trump, \"y lo van a intentar vender como una derrota. Lo de siempre\". \"Yo espero que me van a demandar. No debería ocurrir, pero va a ocurrir. Sin frontera no hay país que valga\", ha añadido Trump. Trump ha explicado que sacará el dinero de \"fondos a discreción del Ejército todavía no destinados\". \"No me quiero meter en detalles\", ha añadido el mandatario, quien reconoció que \"varios generales\" le explicaron para qué iban destinados originalmente esos fondos. \"No puedo decir para qué, pero no me parecía demasiado importante\", ha añadido. Sobre el fracaso de su negociación con el Congreso, Trump ha defendido que los 1.500 millones de dólares han sido, al final, una victoria. \"Recordad que no me iban a dar ni un dólar. Eran unos tacaños con el muro. Podría haberlo hecho por los cauces normales, pero aquí había que ir rápido\", ha añadido el presidente, quien tendrá a su disposición aproximadamente unos 8.000 millones de dólares para completar el proyecto: 3.600 millones del Pentágono, otros 3.100 procedentes de fondos desbloqueados gracias a estas competencias extraordinarias, y los 1.375 millones del Congreso.</span></p>', '2019-02-13 19:21:27'),
(4, 2, 2, 'El Parlamento Europeo veta el acto con Puigdemont del lunes', 'El Parlamento Europeo anunció este viernes que no autorizará la celebración de un evento el próximo lunes en el que iba a participar el expresidente de la Generalitat de Cataluña Carles Puigdemont por seguridad.', '<p><span style=\"color: rgb(0, 0, 0);\">El Parlamento Europeo anunció este viernes que no autorizará la celebración de un evento el próximo lunes en el que iba a participar el expresidente de la Generalitat de Cataluña Carles Puigdemont por seguridad. \"El análisis ha concluido que las amenazas de seguridad vinculadas al evento no pueden ser mitigadas por los servicios de seguridad del Parlamento\", dijo la institución en un comunicado en el que advirtió sobre la \"posibilidad de incidentes dentro o alrededor\" de la Eurocámara. Puigdemont había sido invitado, junto al actual presidente de la Generalitat, Quim Torra, por el eurodiputado nacionalista flamenco Ralph Packet y el exministro de Exteriores esloveno Ivo Vajgl a la ponencia Catalunya y el juicio sobre el referéndum: Un reto para la Unión Europea en la Eurocámara. Según el comunicado, la dirección de Seguridad de la Eurocámara revisó en su evaluación elementos como la ocupación por parte de activistas independentistas de la sede de la Comisión Europea en Barcelona el pasado 1 de febrero y las \"tensiones\" vinculadas al inicio del juicio por el procés en el Tribunal Supremo. Además, tuvieron en cuenta la \"falta de información\" respecto a los participantes en el evento y, \"especialmente\", la \"posibilidad de incidentes\" dentro o en los alrededores del Parlamento Europeo. \"Según la evaluación, hay un alto riesgo de que el evento propuesto pueda significar una amenaza al mantenimiento del orden público en las instalaciones del Parlamento\", concluyó la institución. Los líderes en la Eurocámara de PP, PSOE y Ciudadanos pidieron este jueves a Tajani que impidiera la celebración del acto, alegando que Puigdemont, en la actualidad huido en Bélgica, \"fue el principal artífice de un plan para subvertir el orden constitucional\" en España. \"Permitir la presencia del señor Puigdemont no se corresponde con el noble papel que desempeña el Parlamento Europeo como referente de la democracia y el Estado de derecho que prevalecen en la Unión Europea\", indicaba la carta.</span></p>', '2019-02-14 13:29:40'),
(5, 2, 1, 'Así es el Ferrari SF90, el candidato a romper el dominio de Mercedes', 'Con una presentación más parecida a una entrega de premios, y media hora después de ser filtrado, Ferrari mostró al mundo de manera oficial el que es el 65º monoplaza en la historia de Scuderia, el SF90.', '<p><span style=\"color: rgb(0, 0, 0);\">Con una presentación más parecida a una entrega de premios, y media hora después de ser filtrado, Ferrari mostró al mundo de manera oficial el que es el 65º monoplaza en la historia de Scuderia, el </span><strong style=\"color: rgb(0, 0, 0);\">SF90</strong><span style=\"color: rgb(0, 0, 0);\">. El </span><u style=\"color: rgb(0, 0, 0);\">monoplaza</u><span style=\"color: rgb(0, 0, 0);\">, que parece más anaranjado en directo que en las fotos renderizadas que han facilitado a los medios, ha nacido con el único objetivo de acabar con el reinado de Mercedes en la actual era de la Fórmula 1. Después del buen arranque en 2018 que se diluyó muy pronto, Sebastian Vettel y Charles Leclerc, que además de compañeros serán los principales rivales, han prometido presentar batalla para intentar bajar del trono a Lewis Hamilton. La evolución del SF90 con respecto a su predecesor ha sido notable. Además del necesario cambio del alerón delantero y el trasero (más anchos y largos) debido a la normativa, han retocado notablemente la arquitectura del chasis, como una entrada distinta de los pontones laterales, la reducción a su mínima expresión de la toma de aire superior o una zona trasera mucho más compacta. También la tapa motor ha sido adelgazada notablemente, lo que augura una unidad de potencia más pequeña con respecto al SF71H de 2018. En cuanto al motor en sí, desde Ferrari aseguran que han avanzado con la unidad 064 con un desarrollo extra en busca de una mayor eficiencia sin dejar de lado la fiabilidad. En su aspecto exterior, el \'Mission Winnow\' de su polémico patrocinador gana protagonismo. Con este coche y las imágenes del Alfa Romeo (antiguo Sauber) en su rodaje en pista del jueves, todos los coches de la temporada 2019 han visto la luz.</span></p><p><img src=\"https://cdn.20m.es/img2/recortes/2019/02/14/886019-600-338.jpg?v=20190214133710\" width=\"600\" height=\"338\" alt=\"McLaren MCL34\"></p>', '2019-02-15 10:23:19'),
(6, 1, 2, 'Pedro Sánchez convoca elecciones generales anticipadas el 28 de abril', 'Las elecciones generales serán el 28 de abril, justo después de la Semana Santa y menos de un mes antes de las municipales, autonómicas y europeas del 26 de mayo. El presidente del Gobierno, Pedro Sánchez, ha desvelado la incógnita este viernes sobre unos comicios a los que ha dicho que se ha visto abocado después de que sus Presupuestos no salieran adelante. \"Voy a, de forma humilde, pedir la confianza de los españoles\", ha indicado.', '<p>Las elecciones generales serán el&nbsp;28 de abril, justo después de la Semana Santa y menos de un mes antes de las municipales, autonómicas y europeas del 26 de mayo. El presidente del Gobierno, Pedro <a href=\"https://ih0.redbubble.net/image.418429827.6579/flat,550x550,075,f.u4.jpg\" target=\"_blank\">Sánchez</a>, ha desvelado la incógnita este viernes sobre unos comicios a los que ha dicho que se ha visto abocado después de que sus Presupuestos no salieran adelante.&nbsp;\"Voy a, de forma humilde, pedir la confianza de los españoles\", ha indicado.</p><p>Sánchez se convirtió en presidente del Gobierno en pasado&nbsp;2 de junio&nbsp;a través de una&nbsp;moción de censura&nbsp;contra Mariano Rajoy cuya legitimidad se ha cuidado mucho en defender este viernes, frente a los ataques constantes de&nbsp;PP&nbsp;y&nbsp;Ciudadanos&nbsp;por este motivo. Antes de ganarla, afirmó que su intención era convocar elecciones \"cuanto antes\", pero a mitad de junio indicó que pretendía \"agotar la legislatura\", es decir, no convocar hasta 2020.</p><p>\"El Gobierno nos hemos topado con un bloqueo en forma de rechazo a los Presupuestos más sociales\", ha explicado. En ese caso \"la disyuntiva que se nos plantea es clara como Gobierno, o continuar con unos presupuestos que no son los nuestros o creer como creo que España necesita avanzar, no dar pasos atrás\".</p><p><br></p><p>\"De las dos opciones, no hacer nada y continuar si presupuestos o convocar y dar la palabra a los españoles, elijo la segunda\", ha concluido en una comparecencia tras una sesión extraordinaria del Consejo de Ministros a los que ha informado de la decisión. Después, lo ha comunicado al Rey y el 5 de marzo se disolverán las Cortes, 54 días antes de los comicios, mediante un real decreto ley. Sánchez ha terminado su intervención a la prensa asegurando que \"ha sido un placer\".</p><p><br></p><h2>Sin Presupuestos</h2><p><br></p><p class=\"ql-align-center\"><img src=\"data:image/jpeg;base64,/9j/4AAQSkZJRgABAQAAAQABAAD/2wBDAAsICAoIBwsKCQoNDAsNERwSEQ8PESIZGhQcKSQrKigkJyctMkA3LTA9MCcnOEw5PUNFSElIKzZPVU5GVEBHSEX/2wBDAQwNDREPESESEiFFLicuRUVFRUVFRUVFRUVFRUVFRUVFRUVFRUVFRUVFRUVFRUVFRUVFRUVFRUVFRUVFRUVFRUX/wgARCAHZArYDASIAAhEBAxEB/8QAGgABAQEBAQEBAAAAAAAAAAAAAAECAwQFBv/EABkBAQEBAQEBAAAAAAAAAAAAAAABAgMEBf/aAAwDAQACEAMQAAABllsFBSFBSUACgAoAUUUlAAoigAUgJjfzjn8tM2ZzI3JDfLpipWjGoLECI1krLYw3LIliCgCwATeCggAAAAP14RSgKAoAoAKAUAFAUUAAFSKAWLlOXwfd8vOs53k5qJcQ1mUVpZO+83z67dJry32SXy8/Xys4TTWOW9ZrMsZChYgqVDeViCkogBRLAD9fRAqgUABQBZQCgUUAoBBVAFIoAmXzjj83WcVJhYzmxOmpeeu/smvB19/qxv5nf6+5r5nT6Vl+bn6XNfm5+lwPmeP3+PeOGNzfLnnebmFSagliiaJYizWQKJQAAD9eEWWhQBZQBQFJQKABQAUAAoAEsPL8H7XhzrxOvGXnx7ciL6Vz6PZ7cdPF7vT6Mb49utXnnrlMbaOWOuDz+T2cF8nk9/lrx+b6Xz98vNO3LfOBEsQ1CWUq6XE3hIAKAAA/YJUCqAUAFBQAoAUABQUAAAlUk1DyeX6HLOvn+f6HM+Xz+rjG/H9x9fHXlvpnOmiiQiQoNeftxOfL0SPFx+j8+vD5/Xy1z8PH0+fpzyq5TpgY65MtUzbSYmkyShSVCyiA/YhFgopZQUAUBQBYKBQAUUUlAEAASjE6Dlvr18/pdc3Oy0zbKzlmLm6FZqcNyLNZM/O93gry8vTxufH5fZ5unHn0uzPL1eWmdYuamybxkk1mywAJQAIP2JUAWKoFAClAAKBZQBZQBQBQQolAAF69MPL6ulxqXaKSZM5pb0hJjfMzjUWzXM5eX05r5ee3K48HD0+Xpy9Ezo6ebtg4LnWLrGxjpqXndYsY1UwsoAAD9hYSpRZaWUAqUWUAWUAWC2UAqUAFAAAABV6b5a8vq6XnuW2SmbF59M9CxExm5lQMZsM8unKuPi9HOzx8fXx1jw9PV5t89a4E1zuLHXns6WZlZ3DlO2NZmN5MrEAKr9gEAUBQWgFACgKJQoFgoBSUABSUABV6dOfTzelLc6jUM53lbJDXPWak1DKyM8+vEudcV4+f1cjxcfocrnydM894nPtyuMcu+dZ47arNQqjGNc7Ln0fRl+PP0LG/z1+p4d44ouP2IsAoKKoFlAFlBSUBQAoAUAFAUllIoil30PP6ZvPXOotrnjpmOU3g2tMLkzz684nHpza546YlY1yJVOHk+h59Y8PPrjpy457c9Ym8Ded5XWPVZryfS+j7M9OefF8zPT6nl8Wz0vNqzyvprz+qO3lUAKUAUoBQAUFBYFACgAoKlJQAc+nzJfsb+P8AU4enfbxdzevPmu+fJ5z6PP5GT7e/z3vl9+fPZe/OZhz6cZU1mXnLVqwz5PV5bPNw68enK8e/O5553NZm8+ya+h9Dj05d9fG7/Gtvr5/WOfP6PhxfPjNX1OiX2D2fNoFlFlAKKWUCFlFiqAUAFAFlKlBSKEonD0D8396+Tl2xPZ8LHT2+f53PWPoa+d0r2Yx3lx27dJrny9vCXHflqa9N47zdc+nEu+XWXedDnw7D53l+p4enPz51vXPn1ul19Hl359O/Lkm/Nx14N5+76fjds7+n4urOvl7K+i7I3ZfV80CilAUAUAKBSgKlAKAWBaAoAAAEo5+fr04ej8/4/t/Oz08jrx1n1ez4LWP0l/Pe/G/o58epv0Xj1zrreaOnRs49Lsk1Fw3Dz+b2cbn589fLWOPTtWumjN5vZD5Hm7tu86enN4+3l0m/L5fb4a+g8rM+ol9XzgKKWUoAKBYKUAWUAFAFlFlBaACAoABvHbHTzeL6/n83q8fH6jWfi8PuSvxn0fp+rpj4z7Hjx15Y9nbHT5/b1MuffXZOLfGzeUTXO5XnjXMmWEtzs3cdrPZvl0s/Kz0cdvT7vn+rn19vfh0T5U8vu1PM4Lj9GO3iWUWWhQIWWgKlFlAKABZQUAoKAAAAUlB34enHWcOvHh6bZTHD04X5M9WHTHTXRca7Zk6a1pnF3E4TfKMZvM1y1zM89c6ZsTWs6N9eQ79vF2r4/Ln06Z930Ovn566fLnJenb0fNs8w6cf046eZZRZRZSUFlUEUFQotFAFAUBKCpQAAFFAS+rj35+jhJjn13jXPO+t4do82PX5Jrr38+tTrl0TWdZRzcpqc7iWc9YRy3zTMRIqpuU1z3yNWYqfR8Wq9Hz5uMezrDz/I7effPQ1j9MOnnWUWUWUBaAEoKlUBQAopZRZUAqUBQQCpVSpfXGOfo8+Nc+fTc5zO9dvJ0mvb5fRbn5XX0q135xOvm58prtyxJd4RM4nOTfOTU1BFmiWUcunJLm5rt7PP7l571k18fv8AG1M6x03yrbL9Ert5gKCgWVQKlBQABZQoAWUWVAWgCgFgqUdePpx01Fz28vn9Xkx05Y64xvGuWJr63o+f7rjVzvWO/wA76PiuPFjpy5+nGd8i9OO0582LmlRaSagWDPPWbImU93bwcF+h4vHy3m89a3idXTFKl/QDv5BRZVAUFgoFlALFAFAAoURYWpQABYKgezx9+ffXPHOdOnHNzq8teeb5eb0efPT0fV/P/ZT3MtcvX4fR4rnlx6csd+fLaM7nSzhj08EzaQskmUqySxjWUxEsuN5sxjrE576WXm6Qwo++PR46lFlUCpRYKlKABZRYKABZRZQCgAAAqCY6ccdPL5nix6OnBd8728fTHT0ed63S/Zz3zW8Zk7eTpzOfn9GZvzuujh0tTHDvxJqJGdZTObmyQsmRMZubkgpDr057mmNZQD7Y9HjopZRYKAUAoAFlAFABQFBQAEBQLAAAc+kX4vp9GOPr6ejmrteMa7cpcbzjpjNqZJcDXGwxm5hKLjXO5nPWUirM41lMS4uVyspZenSamsy2MNLPtD0eMUAWUAoFgoAKCoKgoKlFgqUAWCoKgqCoioKQ48/R5ufp54c509DzZa9evD0Pfnnc6c7nOreexLgxOnKlzZLkucZsZS4M5uLmYudZINdefaXerc7y1ky0T647+JYKgtgqUAqCgqUAqCpRYKgqUWCoKiKlFgAAACHDvGvncvR87Pr68Rvi69rHo0y6c98s7msQ75ozy1yF57TdkYxm5pi5ZzzudSRm5tzs36OXfO9qzpjeTLRPqDp4qiqlFgoFgoAKlFgqUAAqCgWCoKAAIAAAAFXeZ6np8evVHTzt84jLLz+b1+NeTOF9euPQ58dckdOPQ6wScumUxjXLWZhLlKsdM9c66d+fTO7rNWTUjKj6Vl6eIoigAUAUBSUoolAqIoKSKJQKIoiqKiKIoiiKIo817fOd/oZ4WdeuOTOu046l3yczl5fVws3vMOeOmbM9WixzhzvLWXKy5kqxWpddMdprpubzpKMzWQD6it+OKCiOnevK9PAzaI0M2olu65voeEzaSKUoiiWjNpItMt+yvBd5iKI0M2iNDLQy0M+b1+V04Z64x6OMshZF3jQ4ulOTcHP1+q5+Oc11zzi5vI1BUy+58Ua7fRl+Z2z1xvVtXN9izxZ1mXKj7Cunjmp0Ly9flqfb+L9qvD6cZs5cvo+CW8Ps+Qxy9fpr5Ho9Hmj6Hxvt/OsjvuPmu3KXrr6HiqT1Ys8vS+0+R6b6Y8fL6vCuXr8/pr5vXn6Y5cvo+A1v3eI53p0OM9nlOWfo4OHH1dT5vD0+uX5/n65z18no+v8ADMej6WDx49H0T8xM659fS+1x68fz36b4f2z8dmTO/q8/X9rfP8h6/B+xr8p6Hml+h8f9t8aN+Xv9c/Pemfdl+T4Pt+Ca9Po+H9qz5fi7ZzvL7brjktxxnv8AJ9XT5/n9XGOf2fleqvJntyj6fjnbU9flnnPTx7YPR5cek9fg1xPTvkOXKpfqeK9bNY6eM6+zzSsejydo5d88Dv6eGaz6fN0O/h6w9nzPVxjpvna9Hk3k9eefE3nrzOPs8movx/vcmt/C9/nl+lj43tm8/X+D1PmdePnxv9h+b69N8/D+o/Le6z4P0PL71+x7HxNY+H+q/Ndc7+z+f9zN/UfKvzj2fX+Zgx9j4vrjt5uRedJry/X4/S9HPLm9Pn41fD0np849XmlIolAUlUigUlKKJQejz09vjlqKgAUlEAKAAooigoiiKJw9BfieH9RJr8jj9Vza/LT9TtPye/1nWz8x9L65OPUZnzvofD2+Nvnvl27duPbHXes3NtyNXNVuC+jn9rty3jXm9nkw4tX0jwbWUAAoFAKUAFAUigUAAUBSKSUoBZQoSgAAAAAKCAIsAIsOP5f9F+X6uHTlefX2dePXj16a56WyJd6zqGufss+p3uff5OPl9Hk3jmiX/8QALRAAAgIBAwMDBAEFAQEAAAAAAAECAxEEEBITICEwMVAUIjIzQQUjNEBgFUT/2gAIAQEAAQUC+JbLbh+G9ns/O2f+Ovswe4/bPhP/AEm/TS+Vm/FkuTH6aMGNsduPTTx8oy5s9zHo424nA6Z0zihjiYMHt/wDL8dz2wYOAoHTFWcDpnSOnE4DqJQ4j29/nmy67A23szI98EYEajo5I1Cq8KtHBGDiOOR+BsngeRox49FfKWSwrMuS2e+BI4EKRQIxMGNsbtDRM4omKBP3+d/mUPLWNnskQrbIVYI1igKJj0JnEmcSX2prvXa/kpI9xpkoMcTBCDbppFWkYMei/GzMEiXkaJD7cdr+SayOI4s+4aYqmymkUcegt8mcsaMFnvL3kND3SP5/nAhiJfKYOJwOBFY9R9jfh+2PJJZGIS2/ndn8Z8P5VL0H25H2S2fvImzHlIQ1lZ2Ytk8fLr0G9lu937DY4+CRYxMW3un6GDHzOR747Hs92Tjhv2ktovb2GY7MbOPyq787Ld9zGPySRglDbONvB43Rgx8v5M9y3z2PdkjJIfk8xbgpHHB5M7o9hDZkzv4+RW+NsGN87Psez2ZND8nEkiLMZJRMHE47YMMwcd8/JLufbjfG2RoyORnJgaOJKoyz3GZ2x2Jje8Kp2EdERoih1RJUIlBx+MXc+7Gz3Y+5oaJLBga7MGBJHscSjSZOMYKTwStih3xFbFjWSdeH8Yux7pee1ktmtme5gwYJxXY9l7vbidNt06ZRJSSLNVglbOw4NnTOmRzFtZ+KcsEZZ2js98jkhzSFNMz2vsfa/eXsvJga2YmL8qK/EYKI5mptF5IxFWND2S+K1Lwae0yKfnJyHMdhK0drR1skb+LjcmushWJmd3s+1k0MWzEYMFVZWiUic8D+5wiVVeMExsRH2+JtrViw6bIS5RtbjJageoHeK46iZyMHTEsGTKFZIVgpDZkkLtZKJ7bM9hEYeYIyPyX/AI11qSVWBZiNlnsIrXj4qUFNRi6nYuSnDi2Ze2DiyNchVHDB4HFHBCSPB4QmSI9mDiNEl59m0YERWzkJmo9ozcRaqYtRyEOOSawQWReF8XjayGSdY47ZI3pEb4HNb4MdvHwjHa0SiSiNfYkxLyhnE9izyQXnpo6RHwLyXRwV/lJ/GyyYyrIjgxwY4sZgVmCFiObOqxWo5I5IzkR7iW2DBjZkvbGRox4W38xROH2uXnBESHWVLzqSn8rH5+NiTicPPSJUn0qLNMOOHCHiVf3RpbOizhgSwIRgQ/HY9n2LeCJr7bVixNkGRZyK/bUSy6Sx+fjYEkYMGNpr7XRFyjXFElGJl5SZg6eTpiiYGNGN2MfdETJP7b15iIRCLZdPjGX3NfbCXv8AGwH2NEvbnOBzchCFstvbdmdsjY+9GfMn4vlkrIx5ONaiSswW2ZdMOTtfx8fxfa0OIomDpM6eBIS7G93s/QyR/K5/bP3rTbrr6cZzJSyRjya+yNr+OR/DHutpLyhCkxyyYx2t9jfotkPysZCjmV1RrLLsjeTiVQwWyG8v42HuxsyZ2yJkllPwKR1BGM7tjez9RkSRCTiStbHyZGDIwJPiWz+Ph7SY9s7raaPOYsWXt7DmcjlnZsyZ9JmdoIUTihRG8K6fx69xj2yZMkWIwSgRrQ4YG/HLub9N71i2csFlpKXJi+NgYMEkMZkyRkQe8ViT9prG787Z2Y/RfZD25krUid5KTluvjY7y2wNDEyDF2T95bMYjI3uvQe6kSsHnfBj45LwZGYMEkPaqRF7ZM+Jbvb+MeGjHrY2wYMfH8vEpnM5nMc/DkPySZU/viIZn+23mIx7LZr/TwYMfGuROR1CWpwfVM+pZ1kxzJWGnrecC2z9ox7+URQ+5+ovkJQyWQmSrnIWkmyWllBKGTos6DK9L5hDj2tjOnk4GDGzfc+xegvlJrMVHAkRgJbsfe9mL/RXyriheHyORkyZ2Yntntfa+196F8q/fJkyKZkycjO2dk98+f5e79VbY+UayPZmTkchSMmezPY/SfahfLzG9mxtGRW4I28iL3YmL0Hu+9C+YspRwZxOJwciOlFRE6bT3Xvs916qF8wlkdSOkjpHAaMGBjGxMTGMey2Y933ISF8wpCZlGRsbMjeR+SW2SL2e62e7M9qEL5mf2tWGTI2ZM7MbJDI+2zELZ7Mz3ISF2Z+VayvxfIyZMmTO2SWyGz3MdmRjfehC+amvOMduT+H2/xu2ZG/QQvWjFyfQmdCZjHoRSb+m8eullqjI1h+tP8hj7cGOyqtWSt0fTg2ZGzPYlylf/AE7pUlVbtsv0sKIpC3hprJqemsh3qPJzqlDen9dc5dbURzH6eYq25SplFJZOhInXKBGLk/p5Ef1CokOmS3hXKRKmSOhIVMmum+fQlsqZEqpREsnQkVLEJfkqZDpeIx5N0yR0JCqkzpSy6ZYVTalBxEsnQY4uO04ttaWRbVKshVO0+jmTg4OOkmyOmnJ26d1x2hpp2qejmlH8tZ/i52Wgtat0FsI06ad5/wCbeivS2Wn/AJ1yd9Or6MYuTo011Jfp7oFVErR6S2J9DPH4St1anVoW3XqoqN4ot9kJcZWzct6f1QqanfYmtP8Arn+279WmXm6M5SxmvTrxbJ9ReYUrNmoZQ8xsWJj+yupvnf8Ajpy79i/VUsztUmVr7Ko/fc/ureYS/JylONSahL8m/tja0VPNlzK3mDk+pb+FK+1xlztX2FKNU2rrtT1YxXT09Mn1tXH+3o/x1FjVs/uoK1zt1MZdHRwsgtUuOq1v+IKTUrbL9VTpIyjpufS1GpX1Gj/p0M6iy12ajW/4n9Mhmevk3fpXz01a4arVy4UaCTa1i/v1V87HbDTKUnJpOTrr6cd66MFs+ctqf1y9zT/rlHN1369O/N3KMk5taf8AGxf3Evspf36hFC8WvNhL7q6V/cv/AB05cvvxiFLxO7InORQ/Ny++pYgl/dteI1/hL8n+BT+dxV+D/Oz8Kvxm2pfdgpL4ZdlMoJPq6alZu1cv7ej/AB1X7v8A5iqShdquXRVt03Ln1td/hmhip6r+pWzrhos/TW/t/plvOmyH0lEV92s/xf6bLD10f7+kXHTRfLV639GgNb++iE5W3RnGZRVxW8fyu/XXVzUlxlF4f1DJz5bQm4N3s67xn7uuStclGTg3eRuaJSy+t4dz3jY4kbOUr/xjLi3cK5pN5auY7BPD6wrWOeX1hWs6nnrDeSNnFOzKjZxTll9UUsPqkp8tk8HVJy5pc6j6zi52uxrWOKu1HVS1zUbLFOeSrXTrT/qJXqenN/1WTJZtso01qnKfKL1t2md93Xnpr3p536l6gos6T/8AQkzm+p9byVmrlYqr+kPWuSqvdLtv6ypu6Errnc6Kts9kbZRXXZ7/AOpBxiSnCS/3J1RmT0skNTiczmZOWyjKRHSWSIaGKI1xhvq0nDGyF6VVXOXsNjfzTSY6K2fS1H0lR9NUKmtGEu1mqmZ8i9KMeThFRTJMcv8AhbH41EvuExeivLqr4IkyT/4a72t/IQvRp/YMkPb/xAAjEQACAQMEAwEBAQAAAAAAAAAAARECEBIgITBAAzFQQRNg/9oACAEDAQE/Af8ADQYmJBHxkjEjQx/DSEiNTH8KlSRwsfwaPXG7PvIXEx/BXG0R8Cn1xxrYqGz+THQ11kLkenEVFpdv59VC0ToWh2dkhDEhWjrUVDJtBHA1aBWbhk9qhmJBkxVTwMaErxJHao96MYKaDGz4f0Q7Zdfx2i1KGyeP9u9uxRtZECGj1aOSp9dexaZPYlyNx2KFvZCsxlHvjkns0eiLIQ7UL4tFcGaM2Jslk2S+OhfM8blfMpqhlLyII0zwLu07IyJvNp1rvUPifwvH715LStybyu4nAmzJsycGTRJmxuSTJjbNxPYl+x1OSmpzDKkvw9I/p204EyNhpwfgthjdolCWwqWQ3sNOSHkbyeSv872bMzMyJd1q8lcE/ERSLQxub//EACQRAAIBAwQDAAMBAAAAAAAAAAERABAgMAIhQFASMUEDE2Bh/9oACAECAQE/Af4Zxx9Q55R2DpSY7x0RMeIdDqO+MUHPOMdCcYj6A+8bwEgT9gg1A8c0WIWuHVE4hTz4ptUV4sJpp3hh5GrTRUccd4NoG0VVx9Yjp4zxiwOOo25er1Vxuhx/Iarj67Hl+cs3e8wHIcNzyAPkGhqKHIBQ8c3nK+RqDnjEJtEP5c9aoqHtz3SwLAb0bTYjaZpqoqGKioooqqIRRRRRQqICLeIU8YIohUjef5ABCAmIDPZn66CgxfbzcRDHARQwVcJhMY9wER7T5PxaPvOUUVgE1C78Wh9L8ht0wBCv/8QAMBAAAgECAwcCBgIDAQAAAAAAAAERAiEQEjEgIjJAQVFgUHEDMGFwgZETgCMzQmL/2gAIAQEABj8C9Kj+iuhp4lpsWWF2W8Ba5Xu/Am+VllifX78pBfwO9maGnJ38C0LWLxykeS3+/E+NWxnxKftjbZ1xttWRvF0aFvEpr0IWGvh9sbImrXC3i0L1vU15efALljeRuz82fXbn0+TrzdvWrmprz1/WupapGnOR6vbBdzQZrJpyr2XVhPqyatzU7ML1i2nO3xnxO+xHrMmnMT9l9fF7f2vnw6xoaM0JjYv4m/7bSjrhwnCbxZff+fGIf2BhGhoX+RdwcXI8XOxmyjqzfIS7jrzzGCop6nHvdtmYNP1twXxRraSToOnqS4LF4WELD8Ydjvs9CbGXHthbC4zsdyFsRs9C+Fi7SLm6WqRdE2GtIJxnRfUlRUIqxmpqj3M1qvYeSLdy+X9lSoy2tqa0/sf8lc0ohXY3NFM9zPXvfUeWLdxGqL9CKdRz3HG1JDUYozVGVYP3GNltC/YbHikMeHti8PxgoIZV9MEM4S4yTvgtiScZwypFuiE56kjIT0PxhTT3Zl+GNfEwrwTRlXwX7lNNauTT0qHl6qUZulKkdc9bFfsVVdiOiQs3sJdqhwVJjFTOpkpuxt9SEfXYzVFsUPFoY0a2G5cDHimMeDEIeH4wTRZj2LYPYW1fTBlzN/yW6oSI7jGfjChvuTQ/0RTU5Irc1JleCzFORxJTn1K/cyP/AJPi/wDtwhFfsV0nuL9ifevCs/BudDf64S9dhSMZBMScKOFLGyNESrF0Roixpc7kxBvKSFbGNRKIESaHcnQvcsoJNMJ0NMJhGhoaGhBMGhJpsaEdD/Hp2P8AUlUTUWoRwpfUjKhtJL2wh7xufDSfcdbpVbfcj+OkbpoieiFVwwXpTY1WlVJmyKn2MyUilJQTlVXucCM9O77G/QmRwo4UyHQhwtS9K9zuToZntRqWSXKy9S/O3N03ltWTNDecm6uR+nrtzhRwnCcJwotycEeLfXxZbX//xAArEAACAgICAgICAwACAgMAAAAAAREhEDFBUWFxIFCBoTCRsUBgwfDR4fH/2gAIAQEAAT8h+pgOPzySGPREqiy8k9bRyD2LsaIkQ7GsKCBv46N/fSOWqkfIaBYQHEm7RI6ZTZURj3i08QNkEDFE3oQ9LD+M/CSYuF9qhMPtJNiHwbeJxzjZFjEL4JeCLGkjbG0tGzS/4pLfn7TQWbUk8995afsdjpk/BBJLGfBIorIVtnhIYg/A9SOQ7HXxSp4j4cfZwWyWWrKmCahnBNQKH7KPCdiO1DVwW0O9irYXgNJsaFofgEPlirKJt0hEIdq0OOPjw8Lz8XpZ4+ugQlkbGckd0aFHlsSjWeQk0j0tCHZCT6xPqX9kuxUvkV+RVt+oV96IClh5jGvmWd/WvRrBhFlexqUIPCD+BK9zI0WnSIdiiQGKW8NdkFIkd0iCdESB1NDlD6IaHjZr46EpZpmnlU/rXao24gaqeI6NKcjGMYDYSRcCxRZGh1j1jc4ZuEIqwvC0OL9l05Hsa5Y9HBr4HnlQJuNopof1/ot8jWoGKcoPQeiHg3xBKV4SK0IxhnPxm1F//YvPInmbDpPRub1wiRzBt4KHGIGhfByM5k2OmT9e9NkihzFnsPF/YbuP2bMvlikNG9fBmxrg08UHJOYJMbOmkXhwLJBstnQMu3gcG0JcMTS6EsSMO/f2MEvBF7Q0EotCTZGIG4xyRdZ6o5H4PZAzL+TO0e2/IxvyUbwlodISkeUTYrY9ich6NeEJGJn7OwSs0MXxTBIjijQYdPOrG6INbo2jogcocsHm+j2A4UhGxsOGvJ0Tbw/uEZdYl1kzU8nJKUDbgmpDJC15Q8qVvBIxhahFeQXs1hLrD8EWJ1ZB6HFfZxRLLwhvChyLwJEjQx4JbQ0I0iORuCraZBidGmWCvC+S2XgumdBpEvs2Rf25QMNi1OWHbxxJtY1gRYto4OGTpsaNDRsWVCkyjTNLLCTmy5Gp2hq6HKIqcR9etUUF2EawtjQkvLGx0TNmhEjhFjUdioRL5Jh7Q4lVI3aGU2SWiWnKJIPYuw1anAli9lOSJWpH+iYVh/CPrcVg1hRD2aVG2HXOeYLENjpMRtqSG0Kk6Y4vwe44XsiomZWDqNhX7LIgUr+hSvQ5aI4Y5Xk/b5aJ+s84XwaGxO9EyW2Oi6oozktaJHJBIh0PkLM6RvycwoJ4bHh1ohtM4Fioo9rJnaIndLA3ZDGlh2J9CblOjH+hvdfWVxyKfgY8KiD/ANWLN5FdoZUEnBF6In47NpMcGQPwy1Qq9EJ62XmNjZjyd8DTbtEmlWxsagog/oiXRuxK5ZzsexS9oZV9WsXZBpY2PY1xkNDNDU2yjopzMjEci6KkBMU9jDA01+Bw9UaplPQnNDRY7BP9Ckp/YoaYjL0FPgT3seW68CBTDziEon9VNTYi6HbGvF9E0PsgsiUlYPVmiaGRXsmTbIgsJEQaH+mVtov+QguoIqEk1WxJ0UQLK+SS5YkXI3cXWTspISBNki+qa6Fum8EKDFNDWY5IORMRskUpjar9jVLg/I3oCxNlGzmbI2TPgkaLg4VjpKhOd4WUmiKrllHKG7bL64LInsu1A3YgXQ5IiNjOVn9ptMqrN8iLt9VCWb/XZHQydsgXZP7HtUzvOaXraLUmKGAVUJHJMDFvJNtiXycApLQ5oI8YbUQTkmcB3gmXBRs0jsWVjQIpocUKxDsr1YibJdYHvFF2vq44sneyutSMa1/RNMgYrF0E3yNeBs2FLI2GnLxJK9C6LBBPRc8hbgUfkaHL8DRkaglEMKUyGyapZomUjSXVhDaKaex6IBKJCRrfWNGRArgXYYgqauM6gSDYyXBLkSFRJbESXRsJJXyMaoijb5IBLVFB8kTKtCJO2OsFLFu5Iqsjs4RWJGsWo+tvlDtG+sZIWEfJJD9VPs5EPyWSx4Yl7/qP7r2J/J5pFJWiKWFhEClMmxYe3gthxk7WBbE7HYlRaYqaYkmc6RDkzFBJX65wJUEtjmI8iWTPREnAbCOakrbNDQeWiDoT2O4cBHZ4KgkYuDo1laiiEMQm4FbKhSb4wAqhvFBOoWE/rzWWKZvhoOnQrEyIq/sV05ZIyVIWZcSCj0L6FAeoX9kj2KhyTLwecOCWbYn0J8st+cMzYxZKsceS6QkxhSNDz9d1xdm6NYLxJjkOUxG9iLkgkKxaI8CWw9EPkoMT0PoMGkbgnstsRoS5GifAqF2QuJbCoSEs7CdMFYtIho2/sK6EcHBOmJmxKE7pC38E1skZJoau9DxINzvJVgzZBFiHWiRh5MFB23FBLksNjrHhoIqH5JfrklmhsUODQw1UkUhEJDoI6iiPCVioFSkbkehuiCT8j0Tgm8rYyxDID/AkEPZpVnEGOKaENIuy4+uWRVFgxoNqRWOHAW+BFWJm4JC5DZrggGjZRicsYxscnOeTkehVCKtvwPItEEJCMmCRontkVpEjhfXrGJsycG5Z+SpwdZUdgrBD7JgXD5EmclFmDDY7OMTjnDpG1igh9kgjokEoUUcky7F9akwJSqbxoSUK4WjSqwRMj1pmzoQyJwx2OlZMKiaOJOA0T8INZbosdYWhCkJQUlsfgQj6xOTYZdF4OIMQPFwbR6hiSHDRyScmBtJwRTwmDdnBx8WHhOx4FUcgdY0vCQgvrNS0TCLojgdyLWN147rK0WYS6w8MYaRtHwEhfDWHo2NjkhUDnoZtjRAggl9ZzguVsYsXY4LBuNuS2CvFGcpdSPXnDjl4WwdiOxZmCce8MZOOw18FH1umKMCR7GiGUkCMFghIlDwNROKFZ6PYCShyNg1gtwRD2bIci0cfF4YjY8pV9eGQohopyK8iXSFzISOxIh6HJeTVDwhuVA4OcWRQyxfBQUtvZ1GLRF0PFMNjy3fyU/0YyPrPFMTfL1kps9UOqTE+nkFsiCYHDtiJoSRrYqyo+hMKjuN0OhOSBmw8cCOLHoed45xWNs9fYQLwLM6pENtFGNYSJHo4RsbaNlFRuXgm2OycNnkeWMeeMciHGWvsHeQNSqFWRqzqJiIgY2OhxA6RKh9k0UJoTNjOxPyMfwQojjHBH2NQ/wCxNtjZW2TKjXYmFAsPQ4jknockQ7GD3kocC1Q2H8GMfxQWTGp+xiFRq5GmimhmqpkglLqh+RmmWRtETbOJZYmDjL3jgeNhjygglCxFDFX2SciorEBG2OPIlhaVvD5JGxMTDo2h1jjHBsTjYbH8EWFhEUeB19ptDysT8DntiKdyyHA1Fh0+Ec0tEShqB4lY1Az4G8PQmN9Ds4JGTY/ghMo5xH2idhg8AkS0QQs6DpYsDwyzBMaGmE94KcGomXH8BMVCTjEfaQOBEXijh6RQsgCwEctWOimJ2h6G+8ucORxgw/kJiIo1h/aO+oai15rKkNjVgQWxUg24gbLCYLY2zSGgYfxQswR5ymftFxMc/vBdRtwNOdjKsMNjgNQ02xHBAj0wSjeOB9Biz+IaxxjRP8sfzx/wI/gQz1EjllycmkjcyGOYZF0QRJSDocjfwg/ksiVY/wBzpGt/PkI8Zp7jZoSH8oxG4Hb+Ij+RCE3C7E2UkSC6+EZjMfCMFlzwLw4IaGKWziT2TA7MvSeTcuPBYO2Q8vU7aBiiTbG/Rv6L/PhiJhfshiKfYiuaw9nv4OSm2RNYeNaGbe9wIQ2QF9tC/wD2C+RDyM9BDGizYorew2qrsgCOHiRKYMK4TyKZ08Z0ujyM9H/uYjIGiSJ9jSpr+8PK6eRJLteBjRZsq2h0SQ0z94cV/wBhGkeg3kPIil/oUG0LeDikIcGde9m9/sa8JSzyyHggSkstnJQSTr4NLpcna30adEGlfYyCQSZa8DOCASSdR4JKTs/VNh24WNaMaQi7/cH0HyJ0SeUiMpZUYrasQ1ycIXodNo/wGLRe0nL4ZtWF0ra0xslTEm5Wgk9dmzQL4MWmyOpvhaSJJybU9jT+RRqwKX1ClqDaPcRdxlIemNf2i8fCkd+4cg+GV7F2OBWtzJr94d/4NRXfxYtRaGLmikRsEnSLts/awdAkhlYuyD1CFzZ9jGvsckiHIbOV5gSXIvIOVciG/ggRf4C6+FoRKEIIJ7x2EvwD/wBpXQhbb5DcnWgMxbdV0Lerg1fLk/QGzYkmL6DmBHyVcknPj/5sThdWYvTf+LBLZrqi0xRawhl8P7GsblusaErzodXhrODm7ayM1sQlRLb+Gw1sV1l8Ez3c4/2HwG3hqE8hMmEQgDVdMd7mQKvBFflFxXXbyDUcoY/AfuGxZ+aFR6H5EhTDjmBxDDZ7ZUfaIGRTi+xitLJwk/eN/rH+Ge/1N4+nTGa2OU2eDaCHw2M0aC5CvgrkWpnbH742NZrCQd5qVYWX7dMdJZAmfqEn57QTOT20eXbs/a/6Tu0Vvf4Qm9ghEflTZikLoIw1J+z/AHNvwN4Qud7HvnYizs4PMVxJJ1E8mCefgg2T2ErUAldjtYrVpjyoTOY4mtp4JNVsiBLwYyk4hHDQp34BM6AcUKTK3gGIERs/YHQhr1cgjQry/AgUQa1CpDomyytRdubkikUkSauYvNSWKkJspF6KhIPiajoSkjqGuib2oyFRbcx1XS6wx5WyytWWhCy78nHNAnr6XRU4jasBWpRjACbI7pPJFMsDhsiuTkbJD0Er7pQyHzQkiiU2bG+ext6KGmV8eKJaW46Ee4vY1Rk00ORxFaXhLsOcSS517LxzWIsMbCsrEF1BUiav0OkP4dYJ5HD/AEA22l7f/EjpDuQcTWv+YtpfYrvJsxDg7HIdyRLZtl+DdwXk52CqlZgz2UYsy+U+CKsg3GgkkogLPutAkY3mKi4mh/qFqEvi0LCpBYLP+miYI/Yv0cj1pyJacDR/0coBIxpHFkvgu8SK4Fti79tjICYb/wCi7DfjY1F8FycD1n8ZN8f/2gAMAwEAAgADAAAAELeSeQ418z0x4mzjsvj2qvaX71YSeX3Rld4AAQHAPPPPPP8AV8X18P8ADDDLO6Ge7z+3m5Jp54/IGSfsLAXE0jBQ84U8ndBhX7PrfHme2P6OayC8DGdy5WhjYy4G7bnAMHnQIAAAfp5BLHjTjzDb/wD3/wAMf0DZpTCnh/O8tBHT+Ndca9oAAAAtUVt9ssNNef8A7bDH/wC83kS8HjTp9OM9Q/KTUmlK5OJEPB70a+x42z71435urjz7z7d/T7Xx8WylLq79Ic8wAAIADEx7VY/yw/xyX7/Y/v8Aek8xTcK/HNdihC5wSAu3pAMQAAA8umsMsPet++tdvftf/wB/4a7N44ryT/Ew4lvubHexarHADXj7TVl9X31BvDb1f5lLIhOP+Cc06fdItZ7nodkUYbhPH/XBBJdp517Xzfl/jbLjw5iI6/L5v4GI8OIl7lg900tP/n/TDhdl91hvl9V9VLhNB995A5ikRR3kCGE+Vkawc5by9VprfBpfvtd5V5dpJJxRxQVr1tU9Y/1HXbg7k3c62cIzr/Hj7/n/AF9fTfXewQQQQQTZnXQbjft4DUiiU/C+IB7AAi/1eUff7+160+976+QQ9ffWGteTDzudPTbvnnm2kTITQB64cc6fya1w36+10www8+41HtSICdCJP/QzL34isF7p/p6yw/7v45/OPNOn1yw09ug/LXm24oF/oFR5/wDc5AU238Leuu/4b9craJ5SitUkJf8AKWJzi8eVKrdBv8lbr71r2yeCzXHHq+K4G+uyeqrWCAcsIaooPR58/Y4WFyhjTRjW+8yMD5AcksGoUaWm+2hmKCWuOOg9cB8x6cb96yf8dz41XnLyBJa8YscAMosU+6qSCCW+P/M9D9UnXcKfUvnuBVv/AE+uQzgbbHPHAPOPNPouUAgVvnvjHbs6FFyicb0jWufJ7Zo1wxW363070vkjn/moWMIDDBCjh4E8vlUo94VlDxqlTz0hsw5z5y93929zmZHPLDPuosssMtTR9vRm/YWw9F2Jn9a4s8xWZ079/wDu8vPc/G1zHFf/AP8Avuk4qA6fsa5kVjH8evzLg6w8x+/9urtLEtg3/wDf/wBDDX//AP8ArUBwD8bqyK1pFJlMHXEf8fEWXGecKXwNaa8vmc/O8MPOHq50P85tQfCX3bbOx/8AFftuFe2E2RrMu1p3xhdtl9HmGNH9Ndr90xfZAvIR+GVO/gCAqVZ5J9xwj3JnjBxFbdpzJrplEUt6LlaUv2KjDcgypBp1v7rzbt9t+IWO+v8A93/8/wAMMMJmQg2K/kUwK8KS4cx+sP8ALDVldl7z7L+naz1/rTTDDDLDJDD3r3LBrNcr7Yz/AP/EAB8RAQEBAQADAQADAQAAAAAAAAEAERAhMUAgMEFQUf/aAAgBAwEBPxD7s/wj85yLhurM/wATOJTHPFnOv8A7pxMdeF/xHxk/eW8Bmz+AdJ94yZb+8mHmDh+4fH8BwQx4nCyzLPq9TmcfzknBZbw4/ab06QbZMfE5JZ+Hq+Xvfm8m8TP2MdwjM9Gx75tC0sX3Y+X35bbbEO2/sYWTrCeGEAa3lHzh9PCoVjUXIs/CHJiDI5gUsi359zGROCwfUMEizh0ccODOkfVUHxLYPu81peF4sQHDmcYPNiT0kei36A12OMg9wkB4/wABasFiePoGI4YtLS8DCIU9fwPmyebOfONBDIgsvUjI/wCIT3Ycf0cyIcz5ttd4sjemTTHHj+XmJc6vmD5z/SFGlrg2bYr1myzrxsss+cvFvB4lHkKZm2Fpafhnj+DmfQ/N63mGHx+M6zx/L9XhO7D+GZ4y9OP1JtZt5VGhDbbwsvGW2Pwz85Z8iwy1aeeuN42Zlt4I+3cxi3j+dlPCD/DN4k4zLPEelgcjnmzf0923h8DvSfGhJbZeMvpkBt/dbBmIQktThZpsMUQBIUC8Q/us8ePzvPcEsySgTjhg+OW1LwXsyVDEyIyYxZiEFq/ty/qfcB23LW2+Z7H5w4Tr/E9v0eky89//xAAfEQADAAIDAQEBAQAAAAAAAAAAAREQISAxQDBQQVH/2gAIAQIBAT8Q8j+V/CfM8aZUX8BvhRlsVneCn4Dy3MDEzRiwT97RCQ6GyYvFP8JbBEzR8VwXufYsXkhM2QxYZfWzsy5XGlGZDIIft7iZvKiGmKiZco7TF0vn2dJhCEOsPg4mJ8L0i9hLIu0V5egxFyYmHxIRRCRRKrHriKRsvm/shCQiRA8Vw8rI2N0pYN0PeI43xQdQinSWhuijaLxQjthjQJjW8TzrQ0IoUhuDD+NLcCbP5zUvgbUHi47Y0x8LykLEhbfo3eGVYsNiD5oZdZkr524sGGy4R0P6bBl8z6hrJrBdnX4LMElSG8772VD2OEOsPV80XC+fvITf0SkNNiaw3wfJey4/uGNeClLilKUpS5uaXNKUpRd0Twx/FZfClKUpSlKUpSlKUpSlKUpR7wQiI5TExBj4UpSlzcUpS/ejYtkxPxjo8IXFIWGP4RkfFsu/gmfX3JyuEiYRrsjao8aOCRF1h0nRpRD2hJElWJYRYQhaIrBJWLS4pIiGGgiUg7kG2hOg5KJdGWqRKyBYmhBEkmiIoiIm2Gk2yQD3tn+GaLsafY6QypobVozTUKiq3FTaHoVC6hYzVooOEM1Ji4QhiJyk2iDbEtkPZKQlsqNGIbE1NCU2ImmRqaEds1obb+b395zRZtWyDHxqrEp+Ij1Hw7CkTP8A/8QAJhABAQEAAgIDAQEBAAIDAQAAAREAITEQQSBRYTBxgZGhQLHwwf/aAAgBAQABPxDweJ4un8DTTTdeTyeDxNMmnwTymTd/WHjeCMr6g96RyE+8AOMM4Ppx/uH33I5AYj0mDRkUMRffGaEMk4e8BDwO5+EuQ/7hH7uHMz3VdPAK5D2H/NfQhl+vgFzxxjnzP6Hk8z5z5TweZofzngzkHbpN+i4KUquRB1MXXs/6ZUk6cgj3mmnvs144L1hpV09GUUx45GjkoM1bqEbleHnAnKYA0GYD0BuEnh3MkjBguXAHwDcDjdvOuBcth2HOkP5nxPB4DweTHyPE+Jpj4nfwcqWQz+2GoQHj6zkffOCb0HEp04Wp6+sk46yjPvL0wKU9YTsx1dMFZJqceAYSV0XnPdhmeOcPF0awCv26KwBLy88a+bvU18GWk9ZlHpHT+h5OvA40x8D5zHiY8mmnieE8TTy4FN0/J+Oetz1+2UNew5NDkmAUvHTE/CZYaysw8imA9OG3deW4KAvLkk4P7hgqDgWbMsKjgNEw9Vl+8vVYZHt+5HJF+jU50YnAa+QrM98aifXhQD4PD/F68TxPifE8h5DwaYPMfJ4MeDxPhMxahm6+DJkTQ5JyX0OgIyCnY5CPQxVEyLiHLQjhoKF33TLImJgQjkpCZkvE/coCNILcKwBvpfq4ZA/DLnP2uR5W/bl0IO3HoePvyMJpXjLAPDHjpnvjdoHj0m5Junw+U3ryfyPE+J5OP4h4NMaaT4DbtzhyNRHm8lyWtLchNxj70rcUe8DNLkHfO5UkyJyP+mCA9ew1FywIC4ko4Aqdbpjj7zZU/DkQEDjdbvoaR4q7X05PlXr0M29e0NMXlejDZML195DUIeI94brGG6pe/gFWeje97won0U3u54cDj46fmHyP4mD+M/hNM4uM1hz0GRA7ixw6xSEXMcOPOFcy1HcYTPqZ0BT80xFnu40I6fjD6xiATQ6JjSxc0It6/NEJu3AEbq7YEuPHB+4eKr7yEVXJVLNzOgy8fb6wnH1ozKgNIV71wXJPApY98OVzA0m4BtMkpnLkc6Q+R4MfAPiY0uDwfCY+AeJg+Nx14Kgsq/mlAcxUL0npyiSfmdMZe6a2AG/JkCDXFOFwy9vQdY1wU+5iRwuiBgAcOBc9YckMokxTgYUK95nNxesNUewuPhHX0Fvbhoz+DUi8rnc+IB0fbrSCud2pjwhhiNEXPRznA7dwIYLo0PrUFWcR+j9NB2GEUe8jDJ4rJ/Ux3pjz3jTTHwnzDBpvfh60bizOS8rnPYHajp10usm3/bFef+mA2s/cviKT8w4qH7r6uc9QhpICYDswA6x32aC885ar3g5yKKOKhXQTq40vlyCkFe8QGB9LmIKezXzAFbk+jY5ZA4ioQEMUGC9c1bniGkt7ySflcjcD3qiM50tYArCJCc6kHKSL/E+J4PmfA8GnwDTzPjOfKL+ZxEuYwH7u5ZQ6vJkDEfaRgUM/YmcqLgCAuNgdZh50HyRwHVcvRMpeDLmM1OC84LXWVotHfUJhKuSgQO5hEfRa71u00gT/AK4jCpXIMQGEvDZxpUF9Z9PRiBMiczLyffOKgcZBCwzfuTf6A31AjncBenUSIPWsaZ9wyQ/lMeLhvg+E0unxngxk8THg+E08TTw+EplCWP0yyjqQn/MqKbrYasqnAyJqluRSZRzHhqlrEZxcgU3MOjIj9NwDjFlcC50YlUiKmbs8YxnuNI815YRejC8JqQHOIj9EyK+jvPr2OeVXMS93hzNuoAWNmUtWP0MC4aenDMjsTPH8zyfM60x38TejyeDyeXJg+KaeKBTDHGF8CLqcvsyErlJu5xzkVz3hcE5w4Mhyxin/AK5HcASUrvWhwpknER9YFPrMTs703EFjNO9QKbnHSyfprchETD+ztyGH23d+ThqGDOWcni5RGvPdxxRFuEfPemnk49XPxM4x/A8mTT4TB/F0+XaaRMOHEpMDszwK6kjdxWv6anVyWI0WnRr9TLjLuHDmAqcmFbScTncwfc0H7e9zaXrGSGVfPJM69A1QcoV7dRTrKIOTCtCeu5WefvKwmUYuq3A54wpUX6yvSYBcrmGjnPT38LOnLe/4G96eDTGDGmceDHk8H9J5NNMHJjgfeeAmFT1imbuSZDeOTJiXMUtuB+ncrecdlMho5TisufUDh3OirugYe5lE4fvvUX/oPtxcJhhk8NTNVI64nXaZDm6wLB7MACHKaIo83gyDUecyo9PTkmaCYAjO+zFLGOR0z9zEiiUmTmnOuFSaTzB+8dVy8B8Fvg8T+IfE8HwMfI896eD5GQneEzqvs30x1OKbkeQXB13n5U/6YJjdlzefaZOuHRw9e8ijA3SD0ZVbAlwrR49bjBeHEBvM5/NECHJuf6DmqXL9AswLvSYbYycmRIGHtci7vFf3FQLQyVApkQ9ZMHLSREP3A/L0ZU2J+ZQ0l70QYEOJlJBTp+zP1lHg0vXg0w/G+D5hp8jT4Gnk+E8zyUDgpyOC8HIQrhBLnlwVcQPc1rhIOjvIzrVDvcXBlqalRA9u4GmdBgjAZ7w5az9yR+ziagB7biKReO9BAtGOcAOHh3HkMSop6crHgqZYkvTl4LY4B3mYNHKeZjUy+CpudANRQeujPQEHsya585TMD7NXXY+8lKbqi3nV4MaseJg0+Jpjn4nxPEx8jxHTweevM0wwQyMA82ZacmRJ1/mAtuFQLzgC9PZuCCq4rFwuFoDB1s7+uMW46zUhiz6zIpc16/zEXYY0CH2ZzT8MwIriB0g+/WCKh6OeR7Dk3oH0mD3QesyuFn1iHAzA7sGVAesILT2MBKEd3JVnHb94gRj1cq2DIeRcU996vVwL31o73kVha+Z4PgfIM/E+B5ngMfAPE+XrGMbhO8lnipwd5S577yDcjSODLHoclvK4/wDh6uWo4OEzaveUKS1uIIcB7xAji8uQx7zrquS44yEHoO8U5Zlm6VaJzgoWJlkR9EcNhQR3EJPxy88QVEHAFUQ1Aqx6zz2VMblgN93V6KHWJXM/M04H/mmXfrmC1/WQ44UhtNaeahvqmieTGnwDHg/+CeZ4mnieHyY56xUBuweNQOzBegxaS6oCS/Tg9CX9y8ycYQqP/MKpH/ci1KntwMWBH3mtKf7n2U5eZkyVB+nUl+nICr/roanHXJiSZhKLoVYcHGU4TnFS8rhxiMfTBRQPYZaiFydH+GWsMfvNY9rN652mAU4CxzAVstxIpeCJmAhThykL9Oa5UD2BhASdAwBRiCnfq4ajTJItP0z8gm7LR+J8D4ng8F1+J8DwceZ4DxfMzg5B9uEhkRYsxVu4dGeKmDjR7d8aNYY4KjIc00ainHWUbyk5DAHghlUHMwYVRE/zcoclOpOGUmgiLjIOvrGXKB24XAMeeda55X1n4QYdv1nUCfbe8sssdPbkK1GQDXnkcknT+jEFAZQOGcmnUCUaNLz0MXZXswgDBWWDPoNrLi9Y5W6OxmDgxiP1MNI34TB4PB4PB5NN18jxPB/A508Tnw4HhMSYQwGEXPG47uaQXI3B9y5wa/ckGl/cLhmcKg6yNwJynPRqU8o8TKwnbw6mTlx6ffrnIVSs4DCiwmQ4S33u9KExVXPeHHF3kJ+3Qj1hoHLlXRXp4Dh9vxyGBEy2u8KRB2YkPN95GmkoPtgCcOQLj4nTcbAo4ZgYea4+5JkHASmjvzn8Awf0PBPic/CeHKwpptri1cuXGpf8un1MEIRrnoPvAi+SJubgB0slSP0MuAP3TK0rFAAmHgcWJcCE7ZKVNy12ZuHbiDr25KXg93UiuQWd/bkccvcPzOU7d7mzQJiqjx3kkeHjSZ27YVQjniHWXdjn8GI2fabtblGzdVV0IRrQDRyWFrEi5ldK5TPk8TGPlPBpgxfF8TwaeDwaY+Evk00weTIez05IAl8YKb8YYEPscsKLEIJGcvKZe8VJ21ltQ9vJnlvHmUzc1iRIv1kVD9BHTP8ARImf5f04Cc07ZleC470YY42R7c/3xkQiON9uWEc5JV70CMaoFjzh5oUj+YqqzCTKZosJDx+Z5vQdYUPSbrgwDFHMpVDIbMJ32Oddi976DXrSLli45193Pm5vFL5PJ5PJ4PgHg+R4mPgYP4tS1o8r4ehRhkZ7xttv1n/SxVOTJRz20ZQ+2kWcYKf8zCUX3dNAf5kSkDcCH6MGcGBBTl3WFXVyCvF/NbxhUAzCneOev+ZRVSsarbrtVOHGh6SZRpxgXPKlMNYrIYow05eV5cIWcGEAdVFzZrXxMsahCL05m1uZ7nXMY8roETjj5+vJ8L4PgfA6+Z5P5CxLguHXowixcA3FgnDfGBDj3MmvRjqh/TIKjf24Cy5Ax6Fxl45f8wAK5DcUhcdVr9u661ID086pwMajHnAZxdzr9c5SgQxFDu2cejCIk/cU8JghwvOSJiFHUnbJE9adccgcP0YeAmaxGdGJEeMQ9ZcRopfJr4NcaeUweDweAx4PB8TT4T4PycorI5Bns5zvBap8Nag3HZhygQNxkH63GTYvFG54LswarP68l3X1gozcQwnAcdT3lQ1hjqmns8u5Cs2C8bkvOMC4+nm6iTkeMNZ+5QTgcg4YqWbiB0e8UPoxjxpAJjeqyB4Qf8ctg8fznM/fa8mnkMfA8nk8nxPiY78Hfk8HyQnJjV6GoY1ImO0W4d47wnazm6swlozLoU5TgMyeSIzRB95vfYMWoYmBA91nAaUruDwap4TE5LV6xy1M3h1kLmTE9PcyzkzKXSd4ji9GQb7fvQkuhMGQcTm4qrkAYBnZmMdLTdS5CVzQuZmOKfgl8KVY4kN6D8B8kx5PJ8D5nieTS+A/k+av1qgYImdYAHGb6Bg/iwbU57uYIQc8UcTEzpjGAka55p7xMRByeD3iHguRIdMaZ9mZhgP2sxNT6MgBuIpe8WL0esz3ZgRKTN5mVakcs86ANyxyEDnGxeDtvVZ6MZjl0yiOQGEJmA7xCuVDGftW70Yvevl6+YHxNPJ5Of4Hi4xp8DzOPmI0zWvBMiuOdQGKqTE1uPIeDrJuK/B04JBs0hJgig1JvOp1c4lO+tS8s/cQVceaRygcQ+roIEwQqz9cugOcHQ/1xEvBpOyZqbuX03YOsIT7wA7dydMBV4EMgLsVwc7QuVucKl+t3AGLmIxxli6OvplWXHgx4uHyfE8ng8Hi+A8Gld1/G+DHwJGvpZqY8ufGbf3gtBzhm1mLkaEzKFz4gX9Fc2S5jQxqh49aBDiqAcZOEmkg1HrSPSb7aJ6HOvbxhzr3mqQM325XFMJq7G4eusmBd4kPbuUD210VWEwMLl1GxnqrCcllXGKLMIOCgLXIAhDn7YaB5cGMY+B46fIzyHk8nkx4PJ44f6zzAEBNaaXEAhgW5lhuK3scKu2vRw66uMgF6h7wnUermNpgweMQ8Bi9P5hKmBZXJwQOsgje2UQGlasDA8+sr/Gef9zzqXdImYMCC3ItmEHMybV6DlIXJEC4MRxqIA+spylTnKEdaAD1nb0w+DGHwY+R8THk8HwHwf39Vp7OMAjJxW4GGZ95SDnGhW4gMHrzruXZl6D8TK7M0MyZeB6yISEzmAO6khnUb3g2KZU5Z96QnGanOEDKqd5VrBXrwBF1PtloGeW9Yv2EaF53CbHXouVVLmCrKAcbjU3wYPiOPgGNMeJ854NMeDHg/kfDlk5wxwrXHPnAuqJmkgu4youOXXJKLlidzD2wJB+mvCTJ7a/eWyy6coc+jdUNOc0e5qBWzBeHXFtyEvvA/wCs9tLuEwDJ3giXLyoYMFykLjIM3MMLvrqjNMPAKglmAu89Gt1c44Prz7005x8TyPxHwY+QeQ+Jp85ecXuGedvHeQd5Ec5A45Mi3rK2twXjnInPvKsIvvLjUOyZ5v8AY1IP+XLcyjpZyl0kIyKdnDBZXBEMDQ1x3L3hpPWXnnDzj/hgcOoOMlxDvCi+tyKveJyvRlpNZqZAqYorC95kjnbjNXjB4j4DHxOvB8D5HwPBjvHyP4DaMhTNQ471T6OQPeU63QTKvOCLgQB1MU5TO3P44WPswCL1TKHk1FMJgCAH3lMDnOH06L1hktDnJU5zJDELgWnqcGJj2GYgGTmrlO3oxCzrHcBuB+4SmQwu9AuoI65UvFutMhMOPIY+PeP5mO/M8nwPlL5PIZMiUcntrmIjy8bm1lFcaH0zisyd29Nyjc0gGF4jHF7KuZ7A6rhB70FisPrBY4wc3jFb3N3rmazCy9uhEe3DAyKBc/U04Zbi9NYZgsoO+clC5RY9a5fXEzCPVVLclfFXvTxfEx8DHgzj4Hk8ng8h4P6HJzAQzVVm4PeaOus58H3zzcEo3OKnGE+NWzziTiPNxEnJ70X6S5LBC5lVuIczjId8vrMODNICOEB1u0MyTBq4CYP8NDi5IZm3jWN1trVBQzyAcFcuSLGB5mS+sCYIbhgNHDje8GHyY1/ma/E3XjvB4fieJp4EHRK6w80boEuFa9651zmKYOlmMMd0rnLPLN6cCZceX01eLqMATgYVDXdwPObxBu4S94LwGE92LlngFUyAhxgdu8oLEBXIResMO8vBlDNR3Z8VBQy9YDJfCZTjLDkyTrJOvJ4PgaeOtcfE1x/A1/rUpghucFyXXGkGvoyqZcSZj9A/ujomoCroYjjP57hLrtF9GghASI4OvAw4C/rqEXK+nIh9ncHjlzL3Lo11S8HOPKhDEQpDLQYYzjR73JLlT/N6JuhnCFuaIds0i/erTO4nOMFMxr2sPTj8Q6ee9MPkx8j4HxP6G9+JlWHaI/eDIDm7WbnRnHGBLh0yoHniAesETI5TnLzlhf8AcgEMytR0dMXI72aOLlQOw1XJnS3vDP1kGxpmdfWSpbuUtyr11o9nInOVz2nbgKucjhlMucqsuFjIPeq1ymaBq/k8ni48Hxn8DwfIx4P4GmNd600NDFG7xV4l084sU8jSdOTEU56wmISLrcDlhy4Xgf8ATC0OJl5esgcwvIe8nDnjtzKrNPJ/m6ylMwUNYt6wup2d6QclXMlZ+neteMwn3ndAzUGua83dVhmG0ZoL3giyCuBbpPOM2+TyeXzNNPhPAGhjHiaf3h5uuEI9JnEhcE4EOcsA59+r3rqh/dxpVO3BjwwJ2ZHWBvrAvBi4MmYCMg46gKxg+iLgJZkHbs6xIm7ephMVI6zwmQ0DmZRwCZiftyyrl7utMMPAJZeGl93JCGcNNMZPAeD4Hkx4vxPN8XV8XXXHkfhddfF8n/B0kkcQi8+jVwT93F4QgNO8q85GAieMdzMIZqNysjFJcRrpgF9Gg5k9Z/WY7c95Dxe+8kTXibgLN2GS54zVlyzjly1xzxcc6wUx9aHAN40DqafwNPBu/gPkw48XXXXxfF3s8Xxddcuuvi+Lrr4uJT363A8c+9CL/wAwp9MM/gzXADswsQMKN6zcdHJ5RZnXnrFNy+rnWtOTEKJz1m2Gi/sMcA+8cQdY7a4CPuaLHUFNbj7VymX24yKZakmGZFzIYKTnBw4LQ4MuUwx4PF8F15y4x8L5uNdddcOvi+L5uvOuvgdfN1111111510hjjH5TKXsxN5MrpMPMOsluhmAOs4memIZ4ovBlltMbg5Xm5oFlUyEmXpuFTHAueHM+EzQsy5XhpKZXLy5a47hgYOTedEZBmIHEyY8GuHXxfI6+B11w64dfjdfhdcbr5XDrrrr8L5QQSjm6fTWpExnjG+RWf8AjnnLGx4aLoaVcVHk/MEHLz3iVu4duMEQy9sCmI295eZcBqIw4zvHo87i6cvLOLjjvNK53LcrjC6ePBgI89Y5e0zW04wHcfTjy+TwPgcPm6/Hv4ni48XXOE+C86/O/EQznwyHrgTo7gMuTs0cDvBcZnyzN1Kd3Mn63NkBHKIXv3mCyBU08Kx7bkiUDMnfeQky+tkhk3vK5blxzg8Iqc4EL3qX/NZXvJx3hRE3Jr5HDh8jjyeJ8DPk+I/Funjm+E0xk8zOD4OLZ5xDpMoS3CDhmJSbm7E1EuBBgA+8vmuFKOd67lRyHPTCPRzn6biwBgsZ1rWWmcMC5Q7xJxk5decHOHOJesVJmwJ294gQ/wCb9CzQ7e/rL2b0XXzfB4N6+F8z5B4nwmDS4NNNPE8zTxNNNMGmmDJhA4Xe71Of3DHLVVF/TBBdHl94xhwoxL13udhoxqpciTA1mfTl0y1QwbWBkDfS94EBc8f3lXedHJy8YeOsYMWhRjMK9WYHkcM7wNfeYUC45MzTTTTJ4NNHTTTB4mmngNNMaOmmDTTTxPEdNNNNNNNMGmDTTTTTTO9BAMOsEh0TdgHOanXDp1NTtDF6cfp0nPLlzgHOm9BmYlxAzpm2zT9DQDXoE1lBoQXHwOcucl8BXnBHDHq4R5wFc/8ADQCp/wAylk7ydw0K+9yWM00+EwaOmDGnhNPBpk00wOmmmDTVppppppppppppppg8Jpg0000zIQyTRxmRJN2frLwesqEHDBkITAH7pUm6AaxquAFQcDAAuBeCRygBoqe8JdVyV8ObMGDC948nGHUMgNzwHeWPHPs4p6rnka5aTccjV000wYNMKO2hjcfvjlAdiTTBppg8Amm+w8GeVCndDTTBx4TTTTTBpppppiBMxXrCx/cG5/ty4NNPCYPCaeAaaeAiwrj1iQBHBjXGiODrIdpqQK4KAAYW8d5HMwCBzkivTID9ORsziLit8PrQmay53Jc8HJVdWeHLAAvVXQ5W6GEizX0Pbrh31INGYZ1y5BS3DYzUXrv3qrIBwaXnpuuea6aaY87xBrr9AdMKqkfsyu2lXCGlyFwfo+ScWfZqxntuDV7UcBBRAM8P1gtyhK6GO0ONYvtBzBpEiOCoBXX7V6ef8e+vTTC0h1rodAqVdZPv/wAsUlCXvBJGe8TLiHMwGw1Uz9uZQ+/DYKIBjlov04bYFMf+61Wwd1a6QHNepwIvLKQH1yrl1ByBOYxF5NwuwW3g1VfxNbcF6xcnh6Gvsm4eS+l0sJ4P5dAMELHESqYOJSKRWA4B9jRyswlZFJpABSrk0etcn25ZwxkT0qz4t9bTcUJuGjlIiqsA947pVxKd73qzTPLs/fb9Xw2V2caKqDVlpgFXe7t2cD57bJhXFFnA/OaTk+BBPhr2Pix4jQOzQsOKD0pmkAn5k26GDnTTEuI9OfmeU0wbh/hkTyjnAkBasnK2PNcImf8Aq5TnPAwldDRNz5X7mH20NbKcRHrKT4a4i6MAQYcrOUv3YSiC0MCppDxyIIHFFzSLLjYPqb/1Ma+9f/4wmaHHRI5Zgw8OEcid1DW0A6M6FRwusY7L0aLl7MIcHpwetnDI45SucelRRWaHYVy9pe5mZrUu5sYEjG59c4V9nlhUODnR/fg6/ZMqRJ5O84VcKiNcyW+033c86a0NWq9Uyja1dQ113eKOfv4o9cm54OlIwLeGBvN00Jku64usoGnJo7F7BhDDZ2HSJErCr7UPWcv0yv5jJLj19cNV1/AAx7Mv8OFMt8scdjs8jC/ZMjplSpdghTxGDJ5i00wVwAnHTHW4S6ab/wBPLNcriuAyrPp4uK3OMLoze0HTij05GAatxvuZMMbQze8JxGcLG/CRHSf1oIuQZgiOPvecmUjoq43d8P8AmZYLDMPvDBB4iZnIOMJEUK87gK4HN9CGQojkQ8Lo5+amKa6XXnnHxrmM13wcf9cOe+zhX7YGZF45zthM5e9NxZH+AUcIrSXXJcE9RzMHkEbunvYYeV/+9ZdAZSINXMjXL9jL02BgjQQPg2cKigIWKjI5i60VbQP/AO63BZ2b5H/jrgD019vfxmuW4fVnVXI3sBwVf58bw/yZUk7musveMLoq6Yd2wDGms+sXU1tjlgzKkFUphIAvHRwcB6A6S5iva4M+Sdgc5FXF15Nka96yJah0MCG9W8dmUDj7HpMhoY6XmadCW10siDrZ0f7fBKppuODN3RGdvjx3b0n2YTgPVcYCjtbXHD/jSzselOCmGrBnuROrkYfl9ZylVpa7iSWRsU3IF216JmPpD1iAm5FlDBHddxZ5j9siRJ9OTct9G4+NGhAD0NMVeDVLQ0ufQMBkduYuG9L1/wDBkwN+nNP6yz7QZcK+sQdXAyvrY13fjpNt9XJt/AI0DZh5K5jDzcpNLiXqo4SaxB1x4bnjnR1kuF9KVeMF7+8Ucth0McIXnbrxNCzNq16v+nFMb2Lli28HKhGRcZccDEuhzLliT3ppg1I+kbwf+SzF1Sq6YNPM5xppg0+AaaaeOaUXowwjORDCvP6XTBpp8J5PE8z4zTTTTR0zcE9BqSPHQTMuJg8jfS71hXOB/iLT2v73nm0JP8E8rzIynO54COF9aAp/1w+5cf8A3uteawnRl9LhcpWICCut+gyE9urpkQCAYw6XbvnnTn4TwHiY8TTTTxMHyDTT4TT4TTxPD8ppg/jMJB/0XXjMu2NRrp0Nu0ucZ/iHh8g7rqZGuTTHOBhAiYqk6zwwcURHEOOVwvTz2yrOhuOSrgbbgP8AHtgLvu6wM8THg+E+cwYwaeJpjBp5nmaaaaeJp8Jg8T+0+SeRcujhw1+3GxZ9VwikxDnDOdZVwt4MeVOkavG5FeA6McBVgYwiyrIFyKjvTeTFfB4MePWPJ8DweDwZ3rGP7vg+Hr4H9zPefgD6PB07ueHrPrdsOu7/ADjr49X/ADd2d//Z\"></p><p><br></p><p>El <a href=\"google.es\" target=\"_blank\">rechazo </a>a los Presupuestos esta semana en el Congreso tuvo dos protagonistas principales. Por una parte, PP y Ciudadanos, a quienes el PSOE se refiere como \"las derechas\" para dar cabida también a Vox. Por la otra, y ERC y PdeCAT, que cumplieron sus advertencias y presentaron sendas enmiendas a la totalidad porque el Gobierno no accedió a hablar de autodeterminación en la mesa de partidos que hasta la semana pasada negociaba con el Govern.</p><p>Estos dos bloques han tenido una clara presencia en la intervención de Sánchez este viernes. Ha criticado que en casi 9 meses él no ha podido contar con la \"lealtad no al Gobierno, sino al Estado\". \"No me los he encontrado a mi lado\" sobre Cataluña, ha dicho de PP y Ciudadanos, a los que ha acusado de \"bloquear\" en el Congreso numerosas iniciativas legislativas hasta contribuir finalmente a derribar la más importante, los Presupuestos.</p><p>La aversión de estos dos partidos al Gobierno terminó de confirmarse para Sánchez en la concentración de Colón del pasado 1o de febrero. \"Cuando la derecha se presenta en Colón, no está en una manifestación en contra del independentismo en Cataluña, está manifestando que hay que echar a Sánchez\". Entonces, ha dicho, \"el debate es otro\" , ha dicho Sánchez, que frente a la España que \"evidente que quieren la derecha y sus tres partidos\", ha apostado por \"una España inclusiva\".</p><iframe class=\"ql-video\" frameborder=\"0\" allowfullscreen=\"true\" src=\"https://www.youtube.com/embed/r3SzgiBwbX0?showinfo=0\"></iframe><p><br></p><h2>Se desvincula del Govern</h2><p><br></p><p>Sobre los independentistas,&nbsp;ha negado \"pactos ocultos\" ni dobles mensajes al Govern, porque, ha asegurado, \"han sabido siempre dónde estaba el Gobierno\", dentro de la legalidad. \"Fuera de la Constitución, nada; dentro, todo\", ha reiterado.</p><p>En un contexto en el que se prevé que en las generales haya un crecimiento del voto a la ultraderecha de Vox que, como ha ocurrido en Andalucía, podría dar el Gobierno a PP y Ciudadanos, Sánchez ha insistido en varias ocasiones, sin citar a ningún partido, en que \"lo que decidan los españoles, bien decidido está\".</p><p>En alusión al motivo de fondo que ha llevado al adelanto electoral, la exigencia de la autodeterminación por parte de los independentistas, que terminaron tumbado sus cuentas, Sánchez ha mantenido que el \"diálogo\" con ellos es la manera de encontrar una solución en Cataluña.</p><p>\"Nunca renunciaré al diálogo.&nbsp;Lo vamos a seguir haciendo siempre, siempre, siempre\", ha aseverado Sánchez, que se ha reafirmado en todo el camino recorrido sobre Cataluña desde que llegó al Gobierno. \"No soy amigo de mirar para otro lado. Para eso me pagan los españoles, para resolver los problemas\", ha dicho, antes de reprochar a PP y Ciudadanos que su planteamiento consista en \"negar la evidencia\" y en perpetuar un artícuo 155 en Cataluña que \"perpetuará la crisis política\".</p><p>Las elecciones del 28 de abril obligarán a hacer&nbsp;campaña electoral no sólo en plena Semana Santa, sino también durante el juicio contra el procés que empezó este martes en el Tribunal Supremo. Sobre si el proceso electoral afectará al juicio, Sánchez ha respondido que \"la justicia va por un lado y hace su trabajo y la política hace el suyo\" que es \"salir de este bloque al que han llevado los extremos\".</p><p>Las generales serán una forma de&nbsp;\"salir al campo, explicarse, dar la cara\", ha dicho Sánchez, que, sin embargo, no ha querido entrar en posibles pactos postelectorales o indicar si él vetará a alguna formación cuando llegue el momento de conformar una mayoría para llegar al Gobierno después del 28 de abril.</p><p>Ha propuesto dejar \"que primero hablen los españoles y [pactar] en función de cuáles sean las mayorías parlamentarias\".</p><p>\"Lo importante es no restar legitimidad a las mayorías parlamentarias\", ha dicho el presidente que ha dedicado buena parte de su intervención a criticar el \"bloqueo\" por motivos \"partidistas\" al que la oposición ha sometido a su Gobierno y los calificativos de \"golpista\" o \"presidente ilegítimo\" que ha recibido en estos casi nueve meses al frente del Ejecutivo.</p><p><br></p><p><br></p><h2>\"Me sorprende que me pongan a mí un cordón sanitario y no lo pongan a la ultraderecha\"</h2><p><br></p><p>A diferencia de Sánchez, el PP y Ciudadanos sí han dejado clara una línea roja incluso antes de convocarse las elecciones. Pablo Casado pidió esta semana un frente para que no se reedite un Gobierno socialista y Albert Rivera aseguró que su límite se llama Pedro Sánchez. \"A mí me sorprende que me pongan a mí un cordón sanitario y no lo pongan a la ultraderecha\", ha indicado el presidente del Gobierno.</p><p>De la misma manera que los partidos independentistas,&nbsp;ERC&nbsp;y&nbsp;PdeCAT, fueron claves para que el año pasado sumara apoyos suficientes para convertirse en presidente tras la moción de censura, su voto en contra de lo Presupuestos ha dado esta semana la puntilla a la legislatura.</p><p>Sánchez ha reafirmado su planteamiento de \"diálogo dentro de la legalidad\" y ha negado la teoría de pactos ocultos o cesiones desconocidas con los independentistas. A pesar del \"ruido, los insultos y absurdos debates infantiles\" de la oposición, \"el independentismo siempre ha sabido dónde estaba el Gobierno\", ha apuntado Sánchez, que ha subrayado que \"dentro de la Constitución, todo; fuera de la Constitución, nada\".</p><p>Así, ha recurrido al \"sarcasmo\" para preguntarse \"si también hubo pactos oscuros\" entre PP y Ciudadanos y ERC y PdeCAT esta semana en el Congreso, cuando votaron juntos para aprobar las enmiendas a la totalidad de sus Presupuestos.</p>', '2019-02-16 18:35:59');
INSERT INTO `noticias` (`id`, `autor`, `categoria`, `titulo`, `cabecera`, `cuerpo`, `fecha`) VALUES
(7, 1, 1, 'Apex Legends guide: Tips for mastering the battle royale', 'Tips and tricks for staying alive, handling your loot, and working together as a squad.', '<p>Shoot the bad guys. Stay in the circle. Revive your teammates. What more do you need to know to succeed in a battle royale game? Okay—a lot, as it turns out. We\'ve been playing match after match of Apex Legends, and pulled together these tips for staying alive and grabbing first place in Respawn\'s battle royale.&nbsp;</p><p>This beginner\'s guide covers looting, mobility, figuring out how much armor an opponent has, and more. Check out our&nbsp;<a href=\"https://www.pcgamer.com/apex-legends-characters-class-guide/\" target=\"_blank\" style=\"color: rgb(197, 22, 24);\"><u>Apex Legends character guide</u></a>&nbsp;for details on their special abilities, and our&nbsp;<a href=\"https://www.pcgamer.com/apex-legends-map/\" target=\"_blank\" style=\"color: rgb(197, 22, 24);\"><u>map guide</u></a>&nbsp;to learn your way around.</p><h2><strong>Damage numbers also show your enemy\'s armor level&nbsp;</strong></h2><p>As you\'re popping rounds into an enemy, you\'ll see the typical damage numbers appear, but the color of the numbers can give you additional information about the level of armor your opponent is wearing, which will give you some idea of how durable they are. Here are the damage number colors and the armor values they indicate:</p><ul><li>Red: No armor</li><li>White: Level 1 armor</li><li>Blue: Level 2 armor</li><li>Purple: Level 3 armor</li></ul><h2><strong>Master the ping system&nbsp;</strong></h2><iframe class=\"ql-video\" frameborder=\"0\" allowfullscreen=\"true\" src=\"https://gfycat.com/ifr/flawlesslonelychinesecrocodilelizard\" height=\"600\" width=\"500\"></iframe><p><br></p><p>This is a squad-based game, and you\'re not going to win if you don\'t work together with your team. Apex Legends\' ping system gives you the tools to work together even if you don\'t want to get on the mic, and using it wisely is vital.&nbsp;</p><p>By default, middle mouse click is your basic ping, while double tapping is an \"enemy\" ping that shows up in red. Pings are surprisingly context sensitive and trigger tons of unique voice lines—point to any object and ping it to notify your teammates that you\'ve found armor or ammo or a new gun. Hold down middle mouse to pull up a ping wheel with options like \"looting this area\" or \"watching here\" to tell your teammates what you\'re doing.</p><p>Now here\'s the really pro move: Open up your inventory with Tab or I, and hover the mouse over one of your weapons or their attachment slots. Then hit ping to tell your squad that you need light ammo, or optics, or a barrel mod, etc. This also works on your armor, helmet, knockdown shield and backpack slots. Tell your team what you need and they can help you gear up.</p><h2><strong>Don\'t load yourself down with unnecessary loot&nbsp;</strong></h2><p><br></p><p>Like in most battle royale games, you\'re going to be sifting through a lot of loot in Apex Legends. And there\'s a lot of stuff you definitely want to pick up: Shield charges and medpacks to heal up, blue- and purple-tier armor to improve your defense. Apex Legends also does a pretty good job of making weapon upgrades intuitive: If a barrel stabilizer, stock, extended mag, or scope fits on your gun, it\'ll show you what slot it will automatically go into.&nbsp;</p><p>What\'s more confusing is when an add-on doesn\'t apply to the gun you currently have in your hands. Should you pick up a sniper stock, in case you get a sniper rifle later? What about a special purple-tier add-on that makes headshots do more damage on a specific gun? Unless you know you\'re hunting for the exact weapon an upgrade is for, you should probably just leave it behind. \"This might come in handy\" is a surefire way to clutter up your inventory and run out of space when you need it.</p><p>To ditch items, pull up your inventory with Tab or I and right-click on items to drop them. If an item has an X in the corner, that means it\'s not currently usable with either of your equipped guns. Unless you\'re rocking an especially spacious backpack, dump it.</p><h2><strong>Run faster by holstering your weapon&nbsp;</strong></h2><p>In the heat of the moment, it\'s easy to start running with your weapon out. And if you\'re in the middle of a fight, you should keep that gun drawn—you could need it at a moment\'s notice. But if you\'re hightailing it from the encroaching kill circle or running away from a battle, remember to press 3 to holster your weapon. You\'ll actually run faster that way, and that extra speed could separate life from death.&nbsp;</p><h2><strong>Always be sliding&nbsp;</strong></h2><iframe class=\"ql-video\" frameborder=\"0\" allowfullscreen=\"true\" src=\"https://gfycat.com/ifr/ElectricQuarrelsomeHen\" height=\"600\" width=\"500\"></iframe><p><br></p><p>It\'s hard to overuse Apex Legends\' slide. On any slight incline, running and then pressing Ctrl or C to crouch will put you into a powerslide that gives you more speed&nbsp;<em>and</em>&nbsp;makes you a much harder target to hit. On big hills, this gives you a massive speed boost. But it\'s also a powerful tool for simply sliding into cover or bumping up your base movement speed as you traverse the map. You can also use it to propel yourself off a ledge if you slide off it rather than run and jump. Never stop sliding.</p><p>It\'ll take practice to shoot accurately while you\'re sliding, but you\'ll feel very cool when you come sliding into battle guns blazing and actually hit somebody.</p><h2><strong>Hold spacebar to climb&nbsp;</strong></h2><p>Even without Titanfall\'s wall running, you\'re pretty mobile in Apex Legends. Hold space when you\'re running towards a wall and you can easily mantle up surfaces considerably taller than you. Crucially, this isn\'t just limited to buildings. Look for climbable rock formations. There are areas all over the map that may look inaccessible at first, but are actually reachable with a well-positioned jump. Make sure to hold space to climb all the way up. This is a great way to get a drop on people, especially in some of the narrow canyons that connect parts of the map.&nbsp;</p><h2><strong>The supply ship is a major combat zone&nbsp;</strong></h2><p>As you\'re crossing the map before dropping, you\'ll also see a supply ship circling. You can see it on your map, too, and where it will land—the ship appears as a white icon and its landing spot is marked with a blue icon. This ship carries a lot of gear and weapons, and often it\'s high-level stuff, so it\'s a common hotspot for squad landings. If you land there, expect an immediate fight, or quickly grab what you can before leaping off.&nbsp;</p><p><br></p><h2><strong>Don\'t worry about fall damage&nbsp;</strong></h2><p>There\'s no need to be bashful about leaping off buildings, cliffs, or the supply ship that hovers over the map. You can plummet as far as you like and not take any fall damage. It\'s a great incentive to throw caution to the wind and make some desperate escapes or crazy mid-air kills since you don\'t need to worry about hurting yourself when you hit bottom.&nbsp;</p><h2><strong>With three squads left, you can\'t see the playercount&nbsp;</strong></h2><p>Like all battle royale games you can see how many squads and players are left in the match. When only the final three squads are left, however, the player tally becomes a question mark. So unless you were paying close attention you won\'t know how many total players are left, only that there\'s at least one on each squad. When kills are made, the counter will flash red, so you can still keep a mental count of how many total players are remaining—if you can remember how many were left when match dropped from four squads to three. Remember that this includes your squad, too.&nbsp;</p><h2><strong>Use Survey Beacons with Pathfinder to see where the next circle will be&nbsp;</strong></h2><p>If Pathfinder is on your team, take note of the survey beacon locations on the map overview. They’re marked by what looks like a small antenna at the center of a few concentric circles. Pathfinder can grapple up to these devices and interface with them to display where the next circle will be for the entire team. Whether you’re playing cautiously or aggressively, knowing the best place to hole up is vital in any battle royale game. “Have a plan: Scan.” - James “ScanBoy” Davenport&nbsp;</p><h2><strong>Bind the map toggle to left alt&nbsp;</strong></h2><p>Reaching over to hit M is unnatural, and since staying on the move is key in Apex, you’ll need to check your position often and easily. Find a convenient keybind that works for you and use it to check the map often.</p><h2><strong>Drop pods can contain exclusive Legendary weapons</strong></h2><p>Two of the most powerful guns in the game, the Mastiff shotgun and the Kraber sniper, aren\'t available as normal map pickups like everything else. They\'re Legendary weapons, and they\'ll sometimes appear in the drop pods that appear around the map. Go for those supply drops for some high level items. Just keep in mind other players are probably gunning for them, too.</p><h2><strong>Legendary knockdown shields let you self-revive</strong></h2><iframe class=\"ql-video\" frameborder=\"0\" allowfullscreen=\"true\" src=\"https://gfycat.com/ifr/massiveentireerne\" height=\"600\" width=\"500\"></iframe><p><br></p><p>You could play for a long time without spotting one, but keep your eyes peeled for a legendary knockdown shield. Typical knockdown shields will give you some protection from damage while you\'re incapacitated and crawling away so a teammate can revive you, but with a legendary knockdown shield you\'ll see a prompt telling you to revive with the E key. No need for a teammate, you can get back on your feet by yourself.</p>', '2019-02-17 18:38:31');

-- --------------------------------------------------------

--
-- Estructura de tabla para la tabla `tags`
--

DROP TABLE IF EXISTS `tags`;
CREATE TABLE `tags` (
  `nombre` varchar(50) COLLATE utf8mb4_spanish_ci NOT NULL
) ENGINE=InnoDB DEFAULT CHARSET=utf8mb4 COLLATE=utf8mb4_spanish_ci;

--
-- Truncar tablas antes de insertar `tags`
--

TRUNCATE TABLE `tags`;
--
-- Volcado de datos para la tabla `tags`
--

INSERT INTO `tags` (`nombre`) VALUES
('Cataluña'),
('Donald trump'),
('Eeuu'),
('F1'),
('Juegos'),
('Renfe'),
('Sanchez'),
('Test');

-- --------------------------------------------------------

--
-- Estructura de tabla para la tabla `tags_noticias`
--

DROP TABLE IF EXISTS `tags_noticias`;
CREATE TABLE `tags_noticias` (
  `noticia` int(11) NOT NULL,
  `tag` varchar(50) COLLATE utf8mb4_spanish_ci NOT NULL
) ENGINE=InnoDB DEFAULT CHARSET=utf8mb4 COLLATE=utf8mb4_spanish_ci;

--
-- Truncar tablas antes de insertar `tags_noticias`
--

TRUNCATE TABLE `tags_noticias`;
--
-- Volcado de datos para la tabla `tags_noticias`
--

INSERT INTO `tags_noticias` (`noticia`, `tag`) VALUES
(1, 'Renfe'),
(2, 'Juegos'),
(3, 'Donald trump'),
(3, 'Eeuu'),
(4, 'Cataluña'),
(5, 'F1'),
(6, 'Sanchez'),
(7, 'Juegos');

--
-- Índices para tablas volcadas
--

--
-- Indices de la tabla `categorias`
--
ALTER TABLE `categorias`
  ADD PRIMARY KEY (`id`),
  ADD UNIQUE KEY `descripcion` (`nombre`);

--
-- Indices de la tabla `comentarios`
--
ALTER TABLE `comentarios`
  ADD PRIMARY KEY (`id`),
  ADD KEY `noticia` (`noticia`);

--
-- Indices de la tabla `editores`
--
ALTER TABLE `editores`
  ADD PRIMARY KEY (`id`),
  ADD UNIQUE KEY `username` (`username`),
  ADD UNIQUE KEY `email` (`email`);

--
-- Indices de la tabla `noticias`
--
ALTER TABLE `noticias`
  ADD PRIMARY KEY (`id`),
  ADD KEY `categoria` (`categoria`),
  ADD KEY `autor` (`autor`);

--
-- Indices de la tabla `tags`
--
ALTER TABLE `tags`
  ADD PRIMARY KEY (`nombre`);

--
-- Indices de la tabla `tags_noticias`
--
ALTER TABLE `tags_noticias`
  ADD PRIMARY KEY (`noticia`,`tag`),
  ADD KEY `tags_noticias_ibfk_2` (`tag`);

--
-- AUTO_INCREMENT de las tablas volcadas
--

--
-- AUTO_INCREMENT de la tabla `categorias`
--
ALTER TABLE `categorias`
  MODIFY `id` int(11) NOT NULL AUTO_INCREMENT, AUTO_INCREMENT=3;

--
-- AUTO_INCREMENT de la tabla `comentarios`
--
ALTER TABLE `comentarios`
  MODIFY `id` int(11) NOT NULL AUTO_INCREMENT, AUTO_INCREMENT=4;

--
-- AUTO_INCREMENT de la tabla `editores`
--
ALTER TABLE `editores`
  MODIFY `id` int(11) NOT NULL AUTO_INCREMENT, AUTO_INCREMENT=5;

--
-- AUTO_INCREMENT de la tabla `noticias`
--
ALTER TABLE `noticias`
  MODIFY `id` int(11) NOT NULL AUTO_INCREMENT, AUTO_INCREMENT=8;

--
-- Restricciones para tablas volcadas
--

--
-- Filtros para la tabla `comentarios`
--
ALTER TABLE `comentarios`
  ADD CONSTRAINT `comentarios_ibfk_1` FOREIGN KEY (`noticia`) REFERENCES `noticias` (`id`) ON DELETE CASCADE ON UPDATE CASCADE;

--
-- Filtros para la tabla `noticias`
--
ALTER TABLE `noticias`
  ADD CONSTRAINT `noticias_ibfk_1` FOREIGN KEY (`categoria`) REFERENCES `categorias` (`id`) ON DELETE CASCADE ON UPDATE CASCADE,
  ADD CONSTRAINT `noticias_ibfk_2` FOREIGN KEY (`autor`) REFERENCES `editores` (`id`) ON DELETE CASCADE ON UPDATE CASCADE;

--
-- Filtros para la tabla `tags_noticias`
--
ALTER TABLE `tags_noticias`
  ADD CONSTRAINT `tags_noticias_ibfk_1` FOREIGN KEY (`noticia`) REFERENCES `noticias` (`id`) ON DELETE CASCADE ON UPDATE CASCADE,
  ADD CONSTRAINT `tags_noticias_ibfk_2` FOREIGN KEY (`tag`) REFERENCES `tags` (`nombre`) ON DELETE CASCADE ON UPDATE CASCADE;
COMMIT;

/*!40101 SET CHARACTER_SET_CLIENT=@OLD_CHARACTER_SET_CLIENT */;
/*!40101 SET CHARACTER_SET_RESULTS=@OLD_CHARACTER_SET_RESULTS */;
/*!40101 SET COLLATION_CONNECTION=@OLD_COLLATION_CONNECTION */;
